12890,13385,11845,0,0,14146,0,0,11361,13330,12086,0,12577,12536,12968,0,0,13145,11833,15104,0,12396,15169,0,0,10089,10632,0,11516,13552,12937,0,0,13032,0,0,14451,10270,11606,13238,13708,11239,0,11520,12109,13955,0,0,0,9971,10934,12109,10214,0
12347,12837,11700,0,0,14007,0,0,11111,13430,11642,0,12719,11871,12686,0,0,13137,11536,14585,0,12250,15001,0,0,10018,10377,0,11429,13260,12386,0,0,13381,0,0,13841,9900.1,11631,13123,12870,11190,0,11479,12340,13910,0,0,0,9924.6,10859,11773,10177,0
14689,14859,13478,0,0,15855,0,0,12815,14540,14050,0,14586,13442,14719,0,0,14721,14171,15639,0,13898,15369,0,0,12453,12855,0,13279,15167,14559,0,0,14498,0,0,15202,12660,14083,14884,14424,12972,0,13198,13840,15310,0,0,0,12460,13328,14508,12232,0
14844,14986,14000,0,0,15464,0,0,13890,14538,14748,0,14815,13893,15201,0,0,14808,14568,15193,0,14506,15125,0,0,13662,13829,0,14525,15084,12826,0,0,15043,0,0,14775,12839,15202,14895,14515,14388,0,14272,14284,15150,0,0,0,14442,14843,14628,14861,0
14637,14885,14037,0,0,15098,0,0,13981,14386,14376,0,15138,14104,15020,0,0,14581,14475,14979,0,14522,15205,0,0,13510,13501,0,13964,14915,12332,0,0,14505,0,0,14447,12518,14502,14726,14477,14478,0,14092,14139,15334,0,0,0,14022,14609,14653,14566,0
14464,14883,13892,0,0,15348,0,0,14193,14116,14705,0,14260,13545,15072,0,0,14621,14364,15438,0,14515,15224,0,0,13681,13907,0,14011,14797,13053,0,0,15303,0,0,14305,12858,14843,14476,14287,14098,0,13703,14073,15077,0,0,0,13943,14409,14737,14599,0
14429,14738,14026,0,0,14945,0,12634,13907,14138,14912,0,14245,13681,14962,0,0,14717,14305,14980,0,14640,14976,0,0,13423,13454,0,13547,14755,13079,0,0,14975,0,0,14210,13156,14486,14367,14376,13663,0,13796,14237,14843,0,0,0,14151,14564,14215,14705,0
14486,14634,13863,0,0,15034,0,0,13788,14229,14939,0,14441,13489,15102,0,0,14503,14101,14788,0,14175,14974,0,0,13351,13246,0,13698,14886,12682,0,0,14555,0,0,14395,12870,14828,14920,14537,13775,0,13885,13982,14696,0,0,0,13842,14720,14283,14295,0
14404,14180,13770,0,0,15560,0,12230,13619,13867,14270,0,14051,13269,14031,0,0,14202,14030,14674,0,14249,14922,0,0,12842,13013,0,13815,14772,12613,0,0,15018,0,0,14426,13506,14487,14353,14092,13607,0,13576,13694,14903,0,0,0,14002,14489,14332,14050,0
14110,14505,13652,0,0,15387,0,12456,13585,13871,14244,0,14500,13141,14216,0,0,14264,13935,14582,0,14348,14711,0,0,12324,13255,0,13563,14180,12857,0,0,14669,0,0,14221,12609,14250,14539,13802,13724,0,13758,14005,14752,0,0,0,14295,13685,14072,14181,0
13873,14540,13582,0,0,14674,0,11697,13463,13763,13991,0,13713,13399,14180,0,0,14234,13889,14616,0,13963,14706,0,0,12169,12986,0,13818,14832,12656,0,0,13816,0,0,14098,12735,14318,14571,13776,13194,0,13417,13801,14767,0,0,0,14031,13726,13925,14488,0
13913,14201,13456,0,0,14917,0,12023,13475,13902,14058,0,14229,13017,14282,0,0,14374,13563,14292,0,14009,14636,0,0,12349,12667,0,12925,14683,12368,0,0,13648,0,0,14027,13003,13767,14296,13742,13468,0,13875,13178,14761,0,0,0,13535,13797,14240,14208,0
13949,14722,13135,0,0,14232,0,11685,13174,13868,13828,0,14196,12913,14017,0,0,14134,13551,14231,0,13927,14583,0,0,11595,12695,0,12943,14425,12671,0,0,13497,0,0,13546,12706,14373,14098,13520,13649,0,13198,13203,14547,0,0,0,13272,13675,14432,13734,0
13779,14061,13181,0,0,14565,0,11503,13361,13586,14118,0,14103,12806,13809,0,0,14247,13585,14042,0,13712,14465,0,0,11680,12681,0,12797,14241,12535,0,0,14077,0,0,13871,12639,13532,13757,13334,12867,0,13685,13474,14744,0,0,0,13175,13232,13629,13236,0
13632,13869,13190,0,0,14445,0,11287,12992,14449,13585,0,13790,12689,13607,0,0,14333,13510,14057,0,13846,14341,0,0,11652,12519,0,12882,13632,13491,0,0,13824,0,0,13913,12674,13796,14149,13383,13196,0,13592,13035,14472,0,0,0,12789,13187,13522,13432,0
13898,14156,13036,0,0,14815,0,11525,12863,13502,13757,0,14216,12630,13858,0,0,14103,13463,14026,0,13978,14416,0,0,11546,12369,0,12612,13961,13961,0,0,14047,0,0,14158,12399,13899,14068,13721,13069,0,13399,12941,14386,0,0,0,13467,13447,13913,13252,0
13500,13768,13294,0,0,14226,0,11197,12551,13923,14009,0,14149,12631,13784,0,0,14544,12911,14178,0,13707,14305,0,0,11699,12189,0,12722,13553,13727,0,0,13623,0,0,13619,12348,13614,14091,13260,13360,0,13394,13540,14192,0,0,0,12626,13237,13662,12653,0
13727,13626,13242,0,0,13972,0,11319,13171,13912,13334,0,13895,12354,13577,0,0,14048,13065,14127,0,13125,14032,0,0,11771,12819,0,12659,13671,13705,0,0,13670,0,0,13441,12327,13389,13781,13366,12634,0,12960,12731,14258,0,0,0,12659,12632,13543,12171,0
13732,13525,12707,0,0,13527,0,10613,12973,13332,13160,0,13688,12652,13367,0,0,14018,12716,13742,0,12533,14159,0,0,11270,12188,0,12640,13901,13176,0,0,13634,0,0,13223,11891,14139,13606,12978,12930,0,13055,12906,13923,0,0,0,12532,13003,13390,11996,0
13573,13644,12900,0,0,13882,0,10940,12199,13390,12798,0,14658,12399,13883,0,0,14279,12657,13703,0,12533,14044,0,0,11249,12311,0,12261,13777,13095,0,0,13070,0,0,13532,11721,13522,13389,12969,12585,0,12748,12648,14146,0,0,0,13065,12403,13406,11648,0
13189,14321,13116,0,0,13192,0,10708,12910,13810,13104,0,13579,12053,13720,0,0,14077,13029,13531,0,12749,14128,0,0,11655,11914,0,12322,13702,13291,0,0,13346,0,0,13540,11758,13440,13414,12896,12142,0,12714,12655,14341,0,0,0,12323,12532,13437,11581,0
13260,13061,12343,0,0,14012,0,10254,12462,13185,13175,0,13373,12068,12937,0,0,13268,12730,13215,0,12853,13650,0,0,11487,11668,0,11952,13578,12644,0,0,13053,0,0,13354,11510,13421,12783,12951,11821,0,12692,12761,13550,0,0,0,12480,12327,13144,11601,0
11958,12326,11968,0,0,13111,0,9129.8,11112,13243,12496,0,12344,10352,12329,0,0,12712,11904,11935,0,11425,13159,0,0,9925.2,10642,0,10479,13282,12461,0,0,11833,0,0,12264,10266,12527,12135,11263,11206,0,11371,10660,13340,0,0,0,11464,11447,12098,9738.7,0
9845.5,10071,9296.9,0,0,10134,0,7652.4,8520.4,9437.9,8657,0,9864.4,9006.9,10182,7369.6,0,9368.4,8647.6,10563,0,9603.7,11133,0,0,7754,8160.9,0,8757.8,9304.1,9826.3,0,0,10338,0,0,10448,7852.4,9425.3,9489.3,9449.1,8676,0,8457.7,8961.6,11236,0,0,0,8014.6,8564.6,9956.8,7804.9,0
8761.9,9091.4,8470.4,0,0,9381.1,0,6777.6,7860.9,8835,7964.5,0,8916.9,8206.5,8808.9,7352.2,0,8563.5,7847.9,9922.8,0,8477.5,10290,0,0,7468.6,7427.7,0,7973.3,8431.6,8796.9,0,0,8811.9,0,0,9440.2,7444,8347,8998.6,8876.5,8058.3,0,8007.6,8312.3,10147,0,0,0,7316.3,7911.8,8859.3,7282.6,0
8617.1,8841.6,8259.9,0,0,9689.3,0,6417.3,7820,8860.2,8155.4,0,8592.5,8210,8452.1,7441.9,0,8232.1,7672.5,9461.1,0,8505.2,10093,0,0,7414.9,7573.5,0,7915.7,8484.4,8666.7,0,0,8767.3,0,0,9178.3,7195.9,8064.5,8932,8682.4,7807.4,0,7960.7,8231.5,9658.5,0,0,0,7201.1,7719,8858.9,7067.4,0
8136,8570.9,8138,0,0,8950.2,0,6565.7,7630.1,8392.8,7657.7,0,8531.5,7995.3,8220.7,7609.8,0,8175.2,7607.8,9193.8,0,8229.8,10014,0,0,7200,7385.3,0,7633.8,8323.7,8231.2,0,0,8359.4,0,0,8767.2,7086.9,7827.4,8706.5,8533.9,7676,0,7674.7,7928.6,9360.2,0,0,0,7005.6,7626.9,8352.8,6894.2,0
8135.9,8565,8267.1,0,8004.5,9000,0,6417,7759.5,8457.6,7807.3,0,8338.2,7857.9,8084.7,7377.4,0,7919,7515.7,9291.1,0,8203.2,9836.5,0,0,7152.8,7470.6,0,7697.7,8178.1,8173,0,0,8265.1,0,0,8811.5,7152.4,7827.4,8590.8,8432.7,7665.3,0,7643.5,7843.7,9112.4,0,0,0,6949.6,7795.6,8347.8,6758.5,0
7997.7,8539.3,7960.1,0,7829.5,8708.5,0,6509.9,7552.1,8322.8,7627,0,8481.5,7924.7,7915.7,7398.8,0,7966.2,7324.4,9043.9,0,8140.1,9597.2,0,0,7106.7,7420.5,0,7701.4,8179.4,8104.4,0,0,8110.8,0,0,8815.2,7052.6,7886.5,8533.9,8387.3,7501.3,0,7564.5,7896.6,9283.6,0,0,0,6955.9,7605,8100.6,6821.8,0
8138.6,8436.2,7915.1,0,7967.6,8781.9,0,0,7605.9,8220.7,7536.5,0,8419,7700.8,7994.8,7505.3,0,7893.7,7226.3,9267.2,0,8121.3,9361.6,0,0,7157.5,7448.1,0,7620.8,8142.7,8167.2,0,0,7971.1,0,0,8786.7,7031.5,7818,8575.6,8042,7363.4,0,7596.9,7785.2,9239.6,0,0,0,6810.9,7418.8,8217.3,6862.9,0
7807.4,8563.2,7933.9,0,7717.4,8364.1,0,6281.3,7543.4,8345.3,7587.3,0,8298.3,7808.9,8115.6,7316.5,0,7563.7,7112.5,8856.5,0,8125.7,9319.3,0,0,7133.3,7290.1,0,7575.1,8022.3,7955.7,0,0,8038.9,0,0,8519.4,6849.5,7675.5,8399.6,8296.2,7435.6,0,7629.7,7662.1,8908,0,0,0,6699.4,7490.2,7989.2,6658.3,0
7790.6,8361.1,7981,0,7748.5,8402.2,0,0,7606.7,8252.4,7591.3,0,8228.7,7962.3,8167.5,7403.4,0,7689.5,7088.7,8816.6,0,8117.7,9280.7,0,0,7252.5,7247.7,0,7512.2,8078.3,8114.2,0,0,8137.8,0,0,8591.5,6968.6,7751,8698.8,8160.9,7417.4,0,7527.7,7858.2,8857.1,0,0,0,6793.1,7619.4,8072.5,6712.2,0
7757.4,8563.6,7949.8,0,7918.3,8642.1,0,6495.1,7753.7,8209.2,7800.1,0,8155.5,7774,8113.2,7375.3,0,7667.5,7185.9,8913.6,0,8174.8,9302.8,0,0,7176.9,7431.6,0,7623.5,7953.2,7925.5,0,0,8098.1,0,0,8540.3,7017.3,7742.3,8548,8004,7492.1,0,7671.7,7686.8,8981.7,0,0,0,6798.8,7524.3,8112.2,6909.4,0
7632.9,8311.1,7903.2,0,7671.6,8464.5,0,0,7266.6,8277.3,7477,0,8128.6,7570.1,7924.2,7186,0,7548.4,7025.1,8765.8,0,7828.2,9082.8,0,0,7161.6,7187.3,0,7451.7,7903.7,7886.4,0,0,7851.9,0,0,8490,6995.2,7789.1,8455.7,8202.2,7392.8,0,7552.7,7657.9,8656.5,0,0,0,6641.7,7346.9,7929.1,6667.2,0
7672.8,8268.7,8038.6,0,7803.2,8419.7,0,0,7552.3,8130.3,7632,0,8190.3,7556.8,7959.7,7385.9,0,7538.8,7148.1,8730,0,8064.2,9323.2,0,0,7154,7430.6,0,7417,7934,7963.9,0,0,7903.6,0,0,8295.8,6960.5,7676.9,8441.7,8016.6,7412.7,0,7631.8,7749.2,8960.7,0,0,0,6668.6,7449.3,7935.7,6672.4,0
7684.1,8264.7,7820.6,0,7656.7,8659.4,0,6350.4,7550.3,8271.3,7558.3,0,7904.8,7729.8,8037.3,7346.5,0,7569.1,7051.2,8778,0,8004.2,9081.3,0,0,7243.3,7358.9,0,7435.9,8159.1,7963.3,0,6470.2,7926,0,0,8418.5,6989.6,7730.4,8460.7,8169.9,7224.9,0,7627.9,7723.4,8773.7,0,0,0,6715.2,7475.7,7993,6719,0
7595.5,8197.7,7879.7,0,7755.8,8425.1,0,6383.4,7537.6,8356.7,7575.9,0,7760.6,7736.2,7885.3,7256.3,0,7533,7069,8640.8,0,7965.5,9051,0,0,7118.2,7182,0,7341.4,7858.1,7924.6,0,6488.4,7917.8,0,0,8352.1,6870.2,7580.1,8211.1,7977.5,7270.9,0,7635.9,7760.1,8656.3,0,0,0,6794.4,7324,7980.8,6613.1,0
7712.5,8097,7901.1,0,7627.1,8344.3,0,6278.7,7413.1,8163,7494.8,0,7817.7,7589.4,8113.3,7230,0,7479,6991,8598.4,0,7961.6,9056.4,0,0,7106.1,7276.9,0,7368.1,7843.4,7935.8,0,6416.1,7792.7,0,0,8237.8,6744.2,7533.4,8284.9,8141.4,7324.8,0,7588.5,7728.2,8767.7,0,0,0,6691.3,7301.5,7870.4,6642.1,0
7549.8,8209.3,7690.2,0,7492.9,8338.4,0,6343.7,7514.8,7890.4,7477.2,0,7814.6,7473.5,7779,7061.7,0,7491.2,6853.1,8524.3,0,7964,8907.2,0,0,7027.1,7276.1,0,7217.3,7774.9,7782.6,0,6406.4,7807.6,0,0,8116.3,6738.6,7629,8293.6,8133.7,7059.2,0,7477.5,7600.1,8553.1,0,0,0,6671.6,7350.9,7968.7,6629.8,0
7383.8,7897.5,7501.5,0,7470,8237.9,0,6111.3,7400.1,7804.9,7189,0,7643.8,7377.9,7898.5,6782.7,0,7241.9,6779,8377.5,0,7878.6,8727.3,0,0,6961.9,7243.1,0,7099.1,7617.3,7731.4,0,6300.8,7653.9,0,0,8143.7,6591.5,7540.3,8234.1,7919.1,7130.8,0,7295.5,7423.5,8372.2,0,0,0,6599.4,7156.8,7634.5,6514.1,0
7472.2,7919.6,7626.2,0,7389.9,8144.9,0,0,7400.2,7965.1,7267.8,0,7834.7,7264.3,7875.1,6957.2,6947.1,7200.2,6791.1,8290.1,0,7722.4,8681.1,0,0,6852.7,7200.9,0,7234.9,7748.6,7737.8,0,6344.8,7572.4,0,0,8050.1,6595.4,7498,8114.3,7960.7,7150.1,0,7305.1,7497.8,8330.3,0,0,0,6534.6,7280.1,7687.7,6531.2,0
7385.6,7864.5,7627.6,0,7477.3,8077.6,0,6107.4,7319.4,7965.1,7441.6,0,7591.1,7330.9,7746.1,6940.8,6823.5,7284.2,6755.4,8249.9,0,7745.8,8701.1,0,0,6879.6,7138.9,0,7099.7,7503.5,7710.7,0,6350.5,7550.3,0,0,7837.2,6748.1,7272.9,7916.1,7654.4,7116.8,0,7324.6,7451.3,8429.2,0,0,0,6406.4,7098.7,7613.2,6458.4,0
7324.7,7879.2,7396.2,0,7192.5,7982.7,0,6126.2,7193.4,7773.8,7127.3,0,7466,7268,7756.9,6900.5,6805.4,7088.8,6587.6,8204,0,7504.3,8502.5,0,0,6770.6,6976.6,0,7080.2,7293.1,7516.1,0,6265.1,7560.1,0,0,7866.6,6471.8,7206.1,7932.2,7662.6,7111.5,0,7265.7,7471.2,8191.3,0,0,0,6440.7,7111.8,7488.9,6307,0
7256.6,7803.9,7321.6,0,7241.2,7886.5,0,5929.3,7243.1,7711.1,7209.6,0,7487,7277.5,7450.6,6842.7,6782.8,7107.1,6590.6,8203.5,0,7489.2,8648.6,0,0,6694.4,6997.3,0,6990.9,7390.4,7482,0,6094.8,7519.5,0,0,7909,6534.2,7221.5,7902.9,7688.4,6857.1,0,7207.9,7449.1,8062.6,0,0,0,6434.8,7082.1,7485.6,6354.6,0
7421.8,7817.7,7494,0,7250.3,8136.8,0,6160.5,7291.6,7823.1,7156.6,0,7564.3,7262.9,7652.8,7133.9,6815.1,7250.3,6686.1,8213.4,0,7817.3,8609,0,0,6924.8,7319.7,0,7078.4,7412.6,7653.2,0,6218.3,7540,0,0,7983.9,6613.5,7446.9,7833.6,7648.7,7148.3,0,7302.1,7318.8,8335.5,0,0,0,6454.6,7095.4,7496.7,6464,0
7305.1,7894.3,7450.2,0,7326.6,7965.8,0,6080,7184,7853.8,6983.6,0,7425.9,7307.2,7805.4,6805.8,6728.1,7214.2,6516.8,8412.5,0,7659.6,8332.8,0,0,6791.6,7081.1,0,7077.1,7417.5,7583.7,0,6196.2,7489.7,0,0,7798.7,6586,7327.4,7866.2,7685.4,7066.2,0,7337.5,7398.2,8379.9,0,0,0,6395.2,7151.8,7484,6469.8,0
7266.2,7734.5,7358,0,7184.7,7789.7,0,0,7185.2,7565.7,7035.3,0,7376.6,7204.8,7831.2,6809.8,6639.5,7201.9,6540.6,8187.2,0,7417.5,8428.4,0,0,6680.6,7170.9,0,6985,7260.6,7609.1,0,6172.4,7505.9,0,0,7762.5,6476.4,7202,7709.5,7616.4,7118.3,0,7197.9,7187.2,8116.6,0,0,0,6366.4,6991.8,7352.7,6288.7,0
7309.7,7912,7305.7,0,7184.3,7882.4,0,6044.6,7191.9,7595.3,6994.7,0,7403.9,7128.3,7874.4,6904.5,6676.5,7130.4,6604,8337.5,0,7661.3,8325.3,0,0,6808.9,7155.8,0,7050.2,7373.7,7491.6,0,6282.9,7535.6,0,0,7595.3,6506.6,7347.3,7829.1,7641.8,6978.2,0,7311.5,7288.6,8077.6,0,0,0,6341.8,7079.1,7439.4,6461.6,0
7463.7,7836.8,7467.5,0,7422.3,7970.3,0,6011.6,7234.6,7681.7,7116.6,0,7567.8,7426.4,7897.1,6818.6,6821.5,7203.2,6678.6,8372.9,0,7569.3,8585.6,0,0,7019,7252.6,0,7281.5,7516.7,7659,0,6377.4,7588.4,0,0,7683.5,6626.2,7473.1,7968.7,7712.4,7090.2,0,7382.8,7292.4,8272.5,0,0,0,6390.5,7091,7546.6,6499.3,0
7380.8,7733.5,7383.2,0,7268.3,7779.2,0,6032.6,7315.2,7643,7030.8,0,7455.8,7398.4,7767.2,7035.1,6731.9,7228.7,6781.2,8356.4,0,7446.7,8457.1,0,0,6885.3,7418.8,0,7174.1,7437.7,7693.4,0,6399.6,7380.2,0,0,7827.2,6647.7,7484.9,7838.5,7731.6,7159,0,7423.5,7359.5,8176.7,0,0,0,6361,7172.6,7546.3,6343.3,0
7327.7,7811,7252.6,0,7296.1,7779.5,0,6085.6,7278.7,7580.4,7020.1,0,7456.9,7144.4,7820.9,7058.2,6674.5,7141.2,6682.5,8363.5,0,7397.5,8409.3,0,0,6655.1,7262.2,0,7241.2,7382.5,7524.7,0,6218.1,7620.4,0,0,7726.9,6521.2,7340.9,7853.7,7641.2,6981.9,0,7444.8,7382.1,7995.9,0,0,0,6415.5,7138.9,7438.5,6386.8,0
7327.6,7749.9,7379.3,0,7174.9,7796.5,0,6031,7231.9,7581.7,7007.2,0,7428.3,7230.3,7820.5,6928.7,6695.1,7213,6575.6,8299.8,0,7548.4,8328.3,0,0,6802.3,7173.4,0,7265.4,7301,7464.9,0,6243.4,7651.6,0,0,7636.8,6545.1,7237.1,7797.8,7595.3,7044.9,0,7298,7364.3,8095.9,0,0,0,6327.7,7084.6,7375.9,6348.1,6668.2
7112.1,7460.5,7145.1,0,6879.3,7675,0,5837.8,7023.5,7253.9,6835.9,0,7209.8,7066.8,7520.4,6741.7,6460.4,7079.1,6287.6,8041.7,0,7381.3,8120.3,0,0,6683.5,7105.6,0,6996.3,7305.2,7462.8,0,6135.9,7290.5,0,0,7327.6,6323.2,7041.8,7717,7527.3,6850.5,0,7182.9,7174,7858.7,0,0,0,6293.7,6967.6,7454,6236,0
7154.2,7563.1,7255.2,0,7220.3,7609.8,0,6007,7048.4,7344.1,6877.1,0,7229.7,7138.1,7505.3,6628.4,6515.5,7060.3,6351.3,8317.5,0,7321,8146.8,0,0,6565.7,7106,0,7025.8,7397.2,7543.3,0,6203.2,7316.8,0,0,7493.2,6467.6,7179,7785.3,7591.2,7006.9,0,7239.5,7331.2,7858.1,0,0,0,6424.3,7071.8,7430.7,6169.9,6657.7
7176.4,7360,7116,0,6981.2,7718.9,0,6056.1,7169.9,7450.2,6926.6,0,7379.9,7135.8,7485,6826.6,6507.5,7105.1,6403.3,8202.6,0,7391.4,8259.7,0,0,6609.4,7305.4,0,7249.9,7320.4,7476.2,0,6176.2,7416.9,0,0,7467.1,6436.2,7281.4,7698.9,7475.9,7015.5,0,7268.7,7273.5,7813,0,0,0,6364.1,7087.6,7259.8,6181.4,6697.9
7204,7603.7,7282.8,0,7142.4,7720,0,6001.2,7235.1,7469.6,6978.7,0,7379.3,7176.2,7740.4,6803.6,6759.2,7389,6591.5,8282.8,0,7456.7,8107.9,0,0,6747.4,7344.3,0,7157.3,7479.4,7733.7,0,6370.7,7390.7,0,0,7491.6,6523.6,7414.5,7860.6,7526.5,7080.8,0,7305.6,7371.3,8057.8,0,0,0,6463.2,7061.3,7367.2,6300.5,6706.2
7273.9,7784.6,7371.6,0,7212.1,7806.4,0,6226.8,7321.2,7617.1,7053.3,0,7419.6,7317.3,7563.8,6949.1,6665.2,7288.7,6561.1,8329.9,0,7440.6,8448.6,0,0,6906.8,7408.2,0,7407,7499.2,7837.4,0,6355.1,7502,0,0,7429.8,6656.1,7460.2,7987.9,7628.1,7122.5,0,7377.8,7473.7,8064.6,0,0,0,6466.3,7339.7,7526.7,6464.2,0
7125.3,7781.1,7275.7,0,7116.2,7590.1,0,6198.5,7305.3,7432.5,6980.9,0,7328.8,7214.4,7560.8,7025.4,6607.4,7254.8,6583.7,8260.3,0,7567.6,8211.4,0,0,6848.9,7386.1,0,7503.7,7357.2,7651.9,0,6234.9,7350.3,0,0,7361.6,6566.8,7341.1,8031.4,7739.3,6986.1,0,7423.6,7416.4,8168.3,0,0,0,6473.4,7112.2,7516.5,6464.5,6596
7106.4,7602.6,7246.9,0,7217.7,7710.5,0,6061,7356.1,7331.2,6885.1,0,7416.6,7197,7762.8,6786.8,6641.6,7148.8,6447.2,8284.8,0,7315,8117.7,0,0,6834.4,7227.4,0,7219.8,7502.8,7684.2,0,6256.5,7303,0,0,7547.3,6525.2,7395.4,7932.4,7576.2,7023.6,0,7377.3,7333.9,7918.3,0,0,0,6369.6,7208.9,7496,6321,0
7019.7,7448.4,7159.6,0,7140.8,7615.4,0,6088.1,7258.9,7534.1,6850.4,0,7295.4,7141.7,7660.4,7020.5,6588.3,7234.8,6501.2,8324.9,0,7293.4,8129.8,0,0,6862.2,7324,0,7073.3,7326.3,7649.1,0,6246.7,7250.3,0,0,7539.6,6519.4,7355.4,7907.3,7435,7005.4,0,7323.4,7259.2,7961.9,0,0,0,6410.6,7157.3,7493.7,6289.2,0
6907,7298.8,7064.8,0,7054.3,7565.5,0,6049.1,7088.5,7261.8,6748.6,0,7296.7,6986,7557.3,6756,6489.1,7007.7,6459.3,8246,0,7516.8,8203.2,0,0,6683.5,7076.7,0,7021.2,7569.6,7647.9,0,6170.8,7277,0,0,7390.1,6486.5,7286.3,7807.9,7424.6,6966.1,0,7314.2,7291.2,7851.2,0,0,0,6386.6,7119,7421,6326.3,6520.9
6891.6,7507.9,6995.6,0,7095.7,7537.2,0,6061.5,7194.6,7326,6720,0,7276.3,7128.1,7570.1,6684.3,6457.7,7151.9,6459.7,8051.6,0,7520,7993.7,0,0,6702.5,7190.9,0,7255.9,7265.3,7486.6,0,6220.8,7436.6,0,0,7459.5,6482.6,7120.2,7796.7,7452.3,6881.9,0,7260.9,7208.6,7767.6,0,0,0,6428.8,7135.5,7238.3,6319.6,0
6729.4,7181.7,6890.8,0,6962,7391.6,0,5924.8,7111.5,7124.7,6453.7,0,6922.7,6976.7,7356.6,6496.2,6267,6879.4,6156.6,7904.2,0,7268.2,7861.9,0,0,6583.5,6971.7,0,6835.7,7254.5,7455.7,0,6190.8,7130.1,0,0,7172.1,6516.9,7208.9,7671.8,7243,6947.8,0,7062.6,7087,7778.6,0,0,0,6325.2,6969.4,7172.8,6094.6,6232.5
6617.9,7181.4,6923.2,0,6894.6,7369,0,5841.3,7000.4,7114.7,6514.2,0,6937.3,6890.2,7600,6620.3,6415.7,6823.6,6192.2,7908.2,0,7300.9,7820.9,0,0,6425.6,7052,0,6976.4,7412.4,7506,0,6081.9,7115.2,0,0,7440.1,6324.4,7134.3,7636.7,7154.7,6744.8,0,7169,7094.7,7669.2,0,0,0,6239.9,6914.6,7076.6,6204.7,0
6694.7,7191.2,6991.1,0,6789.2,7334.8,0,5855.9,6987.7,7088.9,6594,0,7091.4,6896.2,7371.1,6579,6454.9,6968.1,6171.1,8160.6,0,7116.7,7800.4,0,0,6575.3,6963.8,0,7076.7,7208.6,7452.8,0,6138.4,7138.8,0,0,7096.1,6255,7114.1,7543.7,7246.6,6873,0,7220.3,7055.6,7727.3,0,0,0,6309.1,6931.4,7237.4,6180,6372.7
6670.1,7369.9,6912,0,6772,7296.5,0,6083.1,6938.8,7205.1,6557.9,0,6882.9,6847.6,7398.8,6563.6,6363.5,6637.3,6175.6,7897.3,0,7057.4,7684.1,0,0,6609.7,6930.7,0,6687,7281.4,7507.5,0,6087.3,7089.1,0,0,7237.1,6237.6,7098.7,7487.6,7120.7,6805.3,0,7232.5,7174.8,7577.3,0,0,0,6447.9,6974.3,7081.4,6057.9,0
6612.2,7305.6,6967.1,0,6969.6,7367.2,0,5960.8,7018.8,7079.7,6521.6,0,7204.6,6869.1,7352.7,6644.7,6493.4,7022.5,6244.3,7849.6,0,7003.4,7688.8,0,0,6598.6,6984.6,0,6824.2,7394.8,7515.4,0,6102.5,7094.4,0,0,7297.5,6312.5,7010,7441.5,7206.9,6867.1,0,7124,7027.3,7666.7,0,0,0,6427.5,6897.2,7038.6,6132.4,6521.5
6586.5,7345.7,7006.4,0,7018.5,7542.2,0,5878.2,7134.2,7075.9,6485.9,0,7125,6943.9,7473.4,6600,6444.3,6964.4,6372.8,7862.5,0,7324.8,7789.6,0,0,6881.3,7012.6,0,6967.8,7382.5,7551,0,6114,7093.7,0,0,7240.1,6334.6,7233.7,7744.4,7160.5,7005.1,0,7273.2,7127.3,7735.4,0,0,0,6406.4,7025.3,7080,6131.8,0
6538.5,7421.7,6830.5,0,6827.7,7307.4,0,6011.4,7063.6,7066,6416.1,0,7030.5,6879.2,7338.7,6547.2,6629.4,6722.2,6264.5,7758.3,0,7104,7769,0,0,6646.1,7265.5,0,6891.5,7144.6,7554.1,0,6056.2,6979.1,0,0,7168.4,6530.1,7262.6,7610.3,7067,7010.8,0,7290,7030.7,7684,0,0,0,6353.2,7040.7,7037,6130.4,0
6547.5,7237.3,6900.6,0,6892.3,7291,0,5996.7,7044.8,6989.6,6439.6,0,6977.1,6946,7264.2,6706.3,6577.5,6869.7,6082,7823.3,0,7075,7692.9,0,0,6584.7,7101,0,6880.4,7190.3,7399.8,0,6136,6829.7,0,0,7194.7,6369.5,7094.5,7696.6,7095.5,6857.8,0,7127.1,7094.1,7637.5,0,0,0,6294,6920.4,7014.7,6224.9,0
6412,7157.2,6798.4,0,6797.1,7205.7,0,5870.7,6949.7,6915.5,6431.1,0,6818.4,6886.5,7309.3,6640.3,6466.8,6853.7,6211.8,7714.9,0,7055.2,7595.3,0,0,6520.6,6898.6,0,6952.3,7326.4,7418.5,0,5986.5,7005.3,0,0,7057.8,6309.7,7038.8,7675.4,6942.5,6753.1,0,7069.7,6968.5,7523.7,0,0,0,6287.8,6856.4,6955.9,6004.9,6189.1
6288.4,7028,6700.7,0,6838.1,7331.4,0,5869.7,6759,6970.1,6232.4,0,6935.7,6632.8,7347,6502.6,6609.9,6654.6,6175.3,7723.4,0,7117.3,7465.4,0,0,6579.4,6893.4,0,6854.1,7324,7449.2,0,6044.5,6753.2,0,0,6930.1,6228.9,6960.5,7460,6905,6814.9,0,7012.5,6968.9,7452.4,0,0,0,6191.8,7027.8,6851.2,6108,6170.5
6135.3,7182.6,6803.1,0,6809.1,7246.1,0,5982.1,6909.2,6954.8,6509.2,0,6837.8,6826.9,7170.5,6465.6,6486.4,6722.4,6214.9,7755.3,0,6965.4,7488.9,0,0,6607.4,7005.5,0,6769.4,7362.3,7447.7,0,6009,6968.4,0,0,7083.5,6193.5,6929.2,7495.2,7007.6,6770.1,0,7094.6,7021.7,7361.7,0,0,0,6199.1,6877.4,6814.3,6074.3,6117
6219.1,7225.1,6821.3,0,6661,7353.4,0,5921.9,7021.6,6780.7,6461.4,0,6934,6720.4,7271.4,6647.7,6541.9,6686.8,6191.7,7688.9,0,6980.9,7530.9,0,0,6604.8,6900.9,0,6781.2,7224.5,7455,0,5990.6,6837,0,0,7039.7,6193.9,6899.4,7598.2,6853,6633.5,0,6957.1,7019.5,7346.9,0,0,0,6113.9,6941.4,6871.7,6085.8,0
6261.5,7080,6781.7,0,6747,7334.6,0,6044.9,7015.7,6898.3,6506.1,0,6957.2,6662.9,7368.4,6655.2,6552.6,6764.8,6186.4,7622.6,0,7021.3,7451.7,0,0,6686.9,6911.4,0,6852.9,7348.5,7312.6,0,6040.7,6897,0,0,7073.9,6248.4,6858.7,7510,6876.9,6651.9,0,7164.2,6874.4,7422.4,0,0,0,6159.8,6892.9,6859.9,6017.7,6251.1
6150.2,7189.6,6721.7,0,6761.8,7191.7,0,5955.4,6938.1,6913.3,6451.3,0,6939.7,6703.3,7545,6597.3,6576.4,6755.4,6273.6,7690.3,0,7071.2,7519.5,0,0,6737,6910.6,0,6886.3,7324.7,7365.9,0,6133.6,6920.3,0,0,7106.5,6268.7,6966.1,7419.3,6972.7,6820.8,0,7222.8,7028.4,7424.3,0,0,0,6417.4,6958.4,6861,6126.4,0
6240.5,7287.7,6707.6,0,6694.4,7282,0,0,7014,6998.2,6402.2,0,6890.9,6804.1,7281.5,6545.8,6578,6843.9,6227.3,7840.9,0,6908.1,7532.3,0,7379.2,6723.3,6955.2,0,6913.2,7319.7,7376.5,0,6040.4,6907.7,0,0,7055.8,6331.8,7011,7513.8,6858.8,6744.2,0,7217.4,7038.3,7396.3,0,0,0,6268.1,6926.7,6748,6193.1,6181.8
6344.9,7239.5,6845.2,0,6923.7,7239.3,0,6111.3,7024.5,7033,6474.1,0,6825.6,6719.8,7505.7,6573.6,6667.1,6901.6,6272.3,7809.5,0,7215,7715.2,6772.5,7506.4,6816.9,7003.4,0,6963.8,7420.3,7567.4,0,6152.3,6881.3,0,0,7189.9,6505.6,7027.5,7647,6921.7,6941.1,0,7160.3,7168.1,7532.8,0,0,0,6405,6997.4,6718.9,6223.6,6345.4
6150.5,7053.6,6784.7,0,6732.3,7212.3,0,0,7064.4,6788.1,6549.8,0,6877.6,6678.2,7319.6,6424.9,6447.7,6750.6,6179.5,7685.7,0,7082.6,7631.9,6738.9,7400.4,6687.9,7046.4,0,6901,7269.7,7369.4,0,6108.4,6771.8,0,0,7092.6,6363.1,6988.8,7500.9,6891,6728.1,0,7147.2,7241.4,7352.3,0,0,0,6280.8,6999.3,6606.3,6203.3,6157.7
6169.4,7164.9,6623.3,0,6637.2,6985.3,0,0,7051.2,6718,6368.9,0,6812.6,6472.9,7216.8,6459.5,6323.8,6751.2,6099.7,7460.4,0,6829.6,7435.3,6699.7,7315.9,6646.2,6770.8,0,6844,7308.8,7339.1,0,6035.8,6735.3,0,0,7048.7,6226.9,6961.5,7507.3,6761.4,6658.9,0,7050,6936.2,7175.7,0,0,0,6135.6,6886.3,6434,6229.5,6141.6
6041.4,6970.8,6518.9,0,6563.7,7031.4,0,5879.8,6885.4,6697.4,6308.2,0,6820.1,6715.7,6903,6392.8,6339.8,6750.4,6191.8,7521.7,0,6885.4,7326.2,6599.4,7291.8,6644.8,6779.4,0,6660.9,7252.4,7321.2,0,6100.3,6618.9,0,0,7009.5,6254.5,6803.9,7411,6820.2,6617,0,7019.7,6913.7,7267.2,0,0,0,6138.5,6707.1,6514.4,6147.3,0
6147.7,6916.7,6564.1,0,6598.6,6957,0,5904.3,6730.7,6835.5,6379,0,6798.6,6495.9,7210.5,6452.7,6435.5,6724.4,6118.1,7507.6,0,6770.6,7221.7,6561,7272.3,6549.8,6905.6,0,6723.1,7191.4,7336.8,0,6004.6,6625.9,0,0,6944.6,6201.1,6785,7562.8,6668.9,6707.6,0,7105.9,6915.6,7167.2,0,0,0,6150.6,6875.3,6484,6179.7,0
6073.5,7005.6,6477.6,0,6511.8,7177.5,0,5940.5,6847.8,6640.4,6420.5,0,6791.1,6553.6,7010.9,6351.7,6533.7,6655.1,6119.1,7395,0,6904.6,7172.1,6565.7,7324.4,6750.9,6853.5,0,6819.5,7418.1,7438.3,0,6044.9,6625.2,0,0,7001.1,6301.7,6710.9,7441.7,6663.2,6755.5,0,7098.7,7007.6,7220.8,0,0,0,6179.8,6890,6529.2,6211.2,6100.7
6044,7086.1,6550.9,0,6597,7049,0,5988,6767.7,6695.6,6411.8,0,6825.3,6536.1,7208,6702.3,6409.8,6632.6,6218,7444.8,0,6946.7,7188.9,6705.4,7299.7,6622.9,6830.5,0,6828,7423.9,7416.7,0,6021,6654.3,0,0,6898,6518.7,6916.7,7488.9,6746.3,6836.8,0,7138.6,6927.9,7248.8,0,0,0,6245.7,6927.6,6448.2,6364.9,6046.7
6012.1,7021.8,6538.1,0,6513.9,7007.6,0,6007.4,6805.2,6692.8,6455.5,0,6794.8,6472.9,7047.1,6443.3,6473.4,6747.8,6108,7400.2,0,6934.5,7091.8,6570.3,7297.6,6690,6832.1,0,6713.8,7188.7,7455.6,0,6120.9,6646.7,0,0,6969.2,6226.3,6859.3,7392.6,6659.9,6828.8,0,7037.2,7100.1,7119.3,0,0,0,6107.1,6893,6398.4,6320.5,6076.7
6009.6,6932.9,6467.2,0,6441.7,6875.6,0,5958.3,6856.1,6607.1,6274.4,0,6877.2,6546.5,7055.7,6412.4,6522.4,6702.8,6150.8,7403.9,0,6757.7,7207.4,6634.3,7306.5,6462,6826.8,0,6707.5,7264.6,7419.9,0,5976.1,6503.7,0,0,6978.2,6432.5,6858.2,7340.9,6675.7,6779.6,0,7040.1,6845.6,7143.9,0,0,0,6036.4,6809.5,6475,6274.6,0
6019.7,6865.7,6317.4,0,6415.6,6826.5,0,5903.7,6559.7,6555,6315.8,0,6848.1,6449.6,7252.6,6174.7,6372.1,6597.8,6108.8,7374.2,0,6956.7,7115.7,6626.8,7362.8,6720.4,6894.1,0,6677.1,7245.4,7520.4,0,6011,6458.9,0,0,6948.9,6321.3,6858.8,7371.5,6494.7,6631.2,0,6979.3,6779.8,7052.2,0,0,0,6048.3,6982.6,6381.7,6145.2,6086.1
5977.2,6819.2,6235.8,0,6309.1,6781.9,0,5814.6,6543.6,6563.9,6338.1,0,6673.3,6327.4,6959.8,6247,6381.7,6670.3,6141.4,7225.7,0,6648.2,7045.1,6538.3,7093.7,6520.6,6795.7,0,6749.4,7090.9,7359.5,0,6011.8,6474.1,0,0,6880.7,6311.6,6868.5,7242,6606.9,6658.5,0,6926.1,6753.3,7000.6,0,0,0,5988.8,6839,6276.5,6257.7,5983.5
5910,6741.2,6236.9,0,6233.4,6799.9,0,5854.6,6559.8,6585.4,6249.7,0,6805.7,6450,7005,6335.7,6357.1,6609.9,6148.2,7241.9,0,6750.3,7055.8,6569.7,7201,6528.7,6801.7,0,6679.4,7079.9,7518.6,0,5969.5,6454.3,0,0,7059.9,6244.7,6832.3,7110.3,6682.8,6628.2,0,6879.4,6862,7050.3,0,0,0,6071.9,6744.2,6273.6,6157.2,0
5889.5,6919.9,6271.3,0,6512.7,6882.3,0,6062.1,6577.3,6596.2,6345.8,0,6948.4,6356.5,6995.6,6363.5,6542,6682.7,6222.8,7247.8,0,6792.4,7107.7,6555.6,7116.1,6553.3,6907.7,0,6694.4,7177.9,7267.4,0,6026,6544.7,0,0,7090.5,6216.3,6822.3,7167.5,6502.8,6709.5,0,6995.2,6935.8,7053.2,0,0,0,6059.4,6886,6317.9,6179.2,0
5896.1,6951.4,6287.9,0,6413.1,6824.1,0,5909.5,6513.2,6649.9,6384.3,0,6761.5,6585.3,7212.2,6345,6441.3,6708.7,6289,7201.7,0,6622.6,6989.7,6589.8,7172.4,6610.1,6934.3,0,6759.8,7161.2,7434.4,0,6032.9,6506.5,0,0,7043,6181.7,6835.5,7178.4,6659.1,6717.9,0,7009.5,6738.8,7072.9,0,0,0,6038.7,6816.5,6264.2,6211.7,0
5837.1,6873.7,6231.2,0,6377.6,6901.4,0,6034.4,6623.8,6687.6,6323.2,0,6850,6549.1,7146.6,6438,6545.2,6737,6328.2,7305.8,0,6759.2,6998.8,6579.7,7140.1,6704.9,6907.2,0,6806.4,7224.4,7381.1,0,6146.9,6554.9,0,0,6996.2,6365.4,6834.2,7237.2,6486.6,6675.3,0,7059.9,6891.5,7137.4,0,0,0,6090.5,6688.7,6299.5,6203.4,6027.9
5911.5,6821,6285.8,0,6410.5,6981.1,0,5879.6,6568.8,6693.6,6407,0,6948.8,6514.9,7286.6,6434.7,6521,6736.9,6298.9,7300.8,0,6841.2,7025.3,6583.6,7088.9,6656.5,6642.4,0,6749.6,7061.6,7217.5,0,6124,6585.9,0,0,6987.4,6276,6735.4,7115.3,6562.1,6671.6,0,6819.4,6946,7063.8,0,0,0,6172.2,6748.3,6209.9,6196.3,6079.4
6054.1,6996.4,6251.7,0,6398.4,6715.6,0,6040.7,6639.6,6549,6388.7,0,6994.6,6585.3,7371.2,6408.1,6505.4,6816.2,6356.9,7331.6,0,6869,6995,6638.8,7039.9,6646.5,6785.8,0,6877.3,7183.8,7365.7,0,6119.6,6519.1,0,0,7072.5,6276.7,6872.1,7311.2,6532,6680.5,0,6986.7,6952.4,7005.4,0,0,0,6234,6748.7,6413,6380.1,0
5840.5,6807.1,6213.5,0,6330.2,6793,0,5964.6,6507.7,6518.9,6444.7,0,6853.8,6428.3,7158.5,6561.1,6436.7,6718.5,6332.5,7138.2,0,6669.1,7060.5,6605,6947.1,6622.2,6784.4,0,6730,7146,7357.5,0,6083.6,6399.9,0,0,6966.9,6163.3,6690,7093.9,6453.4,6723.1,0,6867.3,6750.5,7020.1,0,0,0,6168.3,6728.8,6202.5,6362.1,6171.1
5888.3,6821.6,6228.5,0,6292.4,6859.1,0,5941.8,6545.4,6572.3,6607.6,0,7246.6,6498,7177.2,6458.2,6634.1,6869.8,6336.4,7167.4,0,6755.5,6930.2,6657.7,7025.1,6757.4,6758,0,6802,7187.7,7284.8,0,6179.1,6598.5,0,0,7121.1,6252.5,6826,7152.6,6592.1,6733.5,0,6987,6929.4,6922.3,0,0,0,6128,6813.8,6215.2,6278.3,0
5983.9,6803.3,6392,0,6365.5,6675.9,0,6011.1,6558.4,6647.9,6585.6,0,6948.3,6640.9,7116.7,6409.9,6725,6843.5,6344.6,7238.5,0,6668.6,6834.4,6782.6,7137,6688.1,6766.7,0,6783.6,7288.4,7371.9,0,6230.5,6593.2,0,0,7257.8,6292.1,6692.8,7197.8,6528.4,6840.6,0,7009.4,6941.9,6990.8,0,0,0,6234.8,6645.3,6305.5,6186.6,6128
5912.3,6792.5,6272.2,0,6354.4,6635,0,6074.7,6577.3,6541.4,6547.7,0,6920.9,6520.4,7219.8,6384.5,6580.9,6832.1,6410.1,7183.5,0,6700.7,6848.6,6809.9,6948.5,6783.8,6789.9,0,6719.4,7181,7229.1,0,6240.4,6552.9,0,0,7221,6298.5,6782.5,7151.7,6612.9,6710.4,0,6891.2,6963.4,6900,0,0,0,6186.7,6756.1,6131.3,6211.2,6187.1
5788.6,6657.8,6341.9,0,6155.3,6626.5,0,5930,6540.7,6624.9,6466.9,0,6980.7,6392.9,7140.5,6283.1,6415.8,6625.7,6329.5,7129.5,0,6650.3,6728.1,6561.7,6823.3,6577.3,6731.2,0,6627.5,7237.6,7187.9,0,6104.5,6489.1,0,0,7014.3,6363.6,6635.6,7028.7,6641.2,6703,0,6821.9,6877.8,6893.5,0,0,5993.9,6058.1,6536.9,6012.8,6203.8,6154.5
5906.2,6656.1,6124,0,6118,6515.5,0,5904.8,6343.1,6317.5,6425.9,0,6747.7,6298.8,7068.6,6391.2,6499.4,6554.5,6274.1,7041,0,6528.8,6746.4,6668.8,6730.6,6572.8,6785.2,0,6591.2,7102.3,7033.8,0,6090.5,6411.6,0,0,6803.9,6271.6,6565.2,7113.4,6478.9,6626.5,0,6852.8,6707.7,6744.3,0,0,6068.8,6032.6,6582.7,5977.6,6061.5,6154.3
5857,6628.1,6129.3,0,6160.5,6613.6,0,5966.7,6414.2,6332,6406.8,0,6661.4,6338.5,7267.8,6416.4,6405.6,6518.8,6220.8,7174.7,0,6460.8,6757.9,6657.2,6822.5,6432.9,6780.6,0,6559.1,7085.5,7151.1,0,6115.8,6409.9,0,6193.2,6915.9,6313.6,6551.1,7078.2,6450.5,6655.8,0,6695.5,6749.6,6701.7,0,0,5974.6,6004.6,6616.6,6028.5,6111,6146.3
5711.2,6486.1,6122.4,0,6009.4,6453,0,5795.4,6286.1,6341,6368.2,0,6780.6,6295.6,7099.1,6157.9,6329.8,6457.5,6170.4,7089.8,0,6507.2,6648.7,6638.6,6791,6446.7,6535.7,0,6434.2,6942.8,7073.2,0,6000.7,6283.9,0,6138.9,6915.4,6213,6582.6,7133.7,6346.7,6558.2,0,6654.7,6765.9,6760.7,0,0,6012.8,5980.5,6526.5,5945.4,6051.3,6010.8
5879.6,6495.5,6223.3,0,6241.9,6499.5,0,6032.1,6408,6420.8,6464.1,0,6632.9,6319.1,7070.1,6275,6505.6,6708,6306.5,6992.1,0,6594,6626.1,6574.2,6827.7,6625.5,6749.1,0,6506.4,7163,6991.5,0,6120.8,6328.9,0,6242.3,7093.4,6463,6537.7,7021.1,6374.9,6661.7,0,6710.5,6839.3,6738.8,0,0,6116.6,5885.3,6591.3,5951.7,6140.1,5962.8
5831.2,6431.6,6067.4,0,5994,6481.5,0,5841.1,6207,6348,6391.6,0,6656.5,6319,7077.1,6303.6,6378.2,6571.5,6146.1,6932.1,0,6478.9,6617.4,6436.2,6693.4,6447.1,6567.2,0,6607.3,6959.5,6926.3,0,6187.8,6296.5,0,6094.1,6918.9,6278.1,6585.4,6758.7,6447.5,6470.1,0,6679.1,6632.2,6598.1,0,0,6002.5,5867.9,6594.5,5934.7,5934.1,5956.8
5726.6,6454.8,6098.9,0,6055.4,6402.1,0,5798,6189.4,6272.3,6354.8,0,6491.8,6143.5,6956.3,6283.5,6317.4,6495.5,6056.7,6962.5,0,6386.3,6406.7,6342.1,6682.2,6392.2,6535.4,0,6399.5,6839.8,6758.5,0,5969.2,6173.3,0,6191.2,6818.8,6162.8,6430.3,6672.3,6331.6,6515.4,0,6539.8,6654.7,6559.2,0,0,5955.8,5825,6553.4,5840.2,5967.4,5857.6
5701.1,6358,5993.4,0,5860.2,6214.5,0,5789.2,6217.5,6274,6173.4,0,6463.2,6072,6864,6226.9,6241.5,6439.9,6022.3,6838.7,0,6271.1,6537,6288.6,6542.2,6365.5,6353.2,0,6309.3,6832,6824,0,5956.8,6136.5,0,6147.4,6726.5,6249.8,6459.4,6714.5,6235.2,6418.3,0,6451.7,6550.8,6503.9,0,0,5944.9,5759.5,6428.6,5907,5772,5939.8
5685.5,6353.4,5977.3,0,5975.9,6201.2,0,5884.4,6193,6269.8,6275.9,0,6539.6,6121.5,6943.5,6055.8,6343.4,6431.2,6015.2,6894.3,0,6288,6444.5,6430.6,6606.8,6356.6,6550.9,0,6356.2,6813.9,6705,0,6024.6,6208.1,0,6205.4,6886.2,6263.4,6342.1,6763.2,6288.3,6456,0,6435.6,6609.6,6470.6,0,0,6019.2,5879,6477.4,5740.7,5914.3,5868.5
5756.4,6502.7,5997,0,6032.7,6406.5,0,5765.1,6161.7,6309.7,6218.4,0,6603.3,6216.9,7071.4,6168.6,6289.7,6524.8,6115.1,6959.8,0,6256.4,6471,6400.2,6651.1,6475.5,6548.4,0,6343.3,6807.6,6948.8,0,6028.7,6128.9,0,6161.5,6900.7,6257.4,6355.2,6730.8,6269,6490.2,0,6456.2,6637.3,6569,0,0,6020.9,5735.5,6444.7,5847.8,5859.7,5811.3
5674.6,6462.6,6088.5,0,6027.9,6355.1,0,5782,6227.4,6247.4,6364.4,0,6600,6341.2,7025,6236.8,6371.1,6708.6,6080,7043.9,0,6239.3,6547.5,6550.4,6658.6,6585.9,6557.9,0,6374.4,6843.4,6862.1,0,6122.7,6249.1,6158,6302,7068.7,6311.5,6371.1,6916,6371.5,6675.5,0,6530.2,6713,6666.6,0,0,6069.3,5813.5,6406,5830.9,5944.2,5998.3
5699.9,6475.9,6100.4,0,6010,6208.2,0,5787.3,6050.8,6182.9,6365.2,0,6566,6143.6,7094.9,6166.3,6345.4,6593.9,6045.5,6874.9,0,6480.4,6607.4,6372.6,6604.8,6478.4,6523.5,0,6358.5,6862.2,6716.8,0,6028.8,6277.1,6117.8,6243.8,6919.8,6201.7,6444.6,6696.7,6388.5,6451.3,0,6554.2,6640.9,6485.2,0,0,6090,5799.8,6403.7,5821.1,5946.7,6018.7
5756.1,6489.8,6080.4,0,5987.4,6351.1,0,5651.4,6234.5,6298.2,6281.4,0,6543.8,6302.3,6968.3,6264.2,6256.5,6612,6015.2,6844.4,0,6326.2,6397.2,6371,6593.3,6547.3,6514.5,0,6336.8,6893.4,6829.9,0,6160.9,6164.2,6054.6,6256,6823.2,6347,6348.4,6709.4,6351.1,6511.4,0,6466.1,6602,6562.6,0,0,6188.1,5857.1,6550.4,5847.8,5931.4,5968.9
5581.4,6306.2,5946.3,0,5935,6264.3,0,5858,6022.2,6362.9,6144.9,0,6418.2,6194.2,6893.7,6248.9,6086.8,6505.2,5958.4,6681,0,6236.3,6382.5,6348.5,6464.3,6460.7,6406.2,0,6309.5,6947.3,6684.6,0,6063.8,6100.9,6048.6,6177.4,6866.8,6350.7,6406.8,6668.1,6270.4,6473.2,0,6396.9,6467.3,6537.3,0,0,6035.1,5750.5,6345.3,5785.6,5797.1,5925.2
5530.4,6266.1,5928.1,0,5848.3,6193.6,0,5729.1,6036.3,6228,6097.6,0,6552.7,6183.7,6818.1,6170.1,6206.9,6461,6040,6646.4,0,6034.5,6249.8,6261.4,6448.7,6507.3,6462.3,0,6076.2,6801.6,6560.9,0,5992.1,6014.9,5993.2,6110.2,6959.6,6199.8,6200.6,6447.2,6173,6412.7,0,6365,6467.3,6358.8,0,0,5964.7,5788.8,6314.7,5719.2,5696.4,5899.8
5569.3,6327.8,5887.1,0,5686.2,6223.4,0,0,6104.4,6216.3,6147.7,0,6434.1,6186.3,6701.1,6252.1,6088.6,6352.7,5914,6741.3,0,6105.2,6367.9,6275.2,6413.1,6394.2,6308.7,0,6172.3,6807.1,6605.1,0,5996.4,6143.6,6009,6151.9,6787.6,6352.7,6156.9,6613,6055.3,6278.7,0,6396.5,6456.5,6474.3,0,0,6088,5706.7,6268,5808.3,5738.7,5865.4
5704.5,6321.6,5902.9,0,5885.1,6143.4,0,5798.6,6055.8,6183.3,6136.6,0,6391.7,6198,6752.7,6264.6,6152.3,6584.6,6046.3,6721.1,0,6207.6,6374.5,6252.3,6486,6528.1,6326.8,0,6108,6639.4,6695.6,0,6055.5,6110.8,6059.8,6184.9,6730.3,6305.2,6389.4,6638.9,6205.4,6454.6,0,6434.9,6489.9,6494.5,0,0,6163.9,5826.7,6281.9,5737.7,5788.9,5839.1
5634.5,6298.7,5902.7,0,5809.9,6279.8,0,5836.5,6068.6,6174.9,6241.9,6250.3,6365.6,6155.5,6760.3,6110.2,6113.2,6490.7,6087.3,6712.7,0,6165.7,6370.6,6254.6,6452.5,6411.2,6272.4,0,6162.1,6638.7,6706.4,0,6146.5,6099.1,6049.7,6081.6,6865,6296.1,6202.7,6731.8,6097.4,6298.9,0,6326.9,6474.7,6551,0,0,6045.3,5746.1,6255.1,5768.2,5761.3,5926.6
5691.3,6277.4,5825.3,6489.6,5810.7,6137.4,6387.6,5617.4,6029.2,6047.9,6177.4,5983.4,6295.3,6135.3,6844.5,6101.9,6021,6465.9,5922.8,6508,0,6048.1,6306.4,6312,6447.8,6437,6308.1,0,6085.6,6697.8,6506.6,0,6106.1,6035.9,5959.3,6123.9,6813.1,6214.7,6215.8,6522.4,6094.1,6304.5,0,6326.8,6424.8,6428.2,6217.2,0,6033.2,5668.3,6201.8,5719.6,5796.6,5787.3
5586.5,6268.4,5855.1,6476.4,5739.9,6225.1,6340.7,5651.5,5997.8,6172.1,6123.8,5887.3,6306.8,6151.5,6635.1,6120.4,6202.7,6459.5,5782.6,6583.1,0,6029.6,6252.9,6189.3,6517,6450.7,6325.1,0,6115.5,6555.3,6584.1,0,6051.9,6071.5,6114,6164.2,6893.3,6239.2,6278.5,6475.3,6114.3,6258.2,0,6403,6353.8,6422.2,5975.4,0,6063.8,5617.6,6151,5692.9,5688.1,5867.8
5685.5,6165.2,5832.4,6478.9,5718,6133,6616.5,5663.2,6043.7,5982.9,6085.7,5879.7,6392.4,6182.1,6609.4,6055.2,6072.4,6322.8,5836,6557.2,0,5951.7,6221.6,6118.9,6400.1,6443.2,6152.5,0,6092.3,6487.6,6567.8,0,6016.4,5996.4,6071.6,6196.2,6808.9,6063.2,6155.3,6471.2,6116.9,6236.5,0,6281.1,6330.4,6399.8,6046.5,0,6003.5,5620.1,6132.5,5587.6,5785.3,5732.8
5589.9,6314.9,5820.1,6350.4,5766.4,6139.7,6617.9,5685.5,5975.4,6014.4,5949,5871.9,6316.6,6000.9,6816.8,6188.2,6045.2,6387.5,5629.3,6543,0,6051.3,6248.7,6202.5,6316.2,6365.2,6216.6,0,6117.9,6612.6,6482.3,0,6156.8,6051.3,6034.2,6102.8,6759.3,6080.4,6153.1,6433.9,6074.4,6364.5,0,6423.2,6364.4,6330.2,5884.8,0,6028.3,5721.1,6256.3,5707.6,5767.4,5748.8
5692.9,6146.6,5833.4,6321.3,5805.7,6151.3,6251.4,5670.6,5987.4,5969.7,6017.2,5897.2,6249.2,6077.8,6735.5,6058.8,6056.4,6337.3,5784.4,6553.8,0,6008.1,6127.1,6065.1,6568.3,6357.6,6142.2,0,6135.1,6297.2,6545.7,0,5945,6004.7,5905.7,6108.7,6798,6217,6129.6,6402.5,6142.3,6222.8,0,6444.9,6269.5,6360,5938.2,0,6076.5,5740.8,6127.9,5682.8,5639.6,5772.7
5593.8,6042.8,5866.7,6294.1,5695.9,6181,6314.7,5723.6,5847.8,5914.6,5994.2,5812,6142.3,5977,6658.1,6122.2,6103.9,6395.5,5728.8,6531.8,0,6036.6,5999.5,6047.7,6434.9,6422.6,6075.3,0,6015.2,6452.3,6543.1,0,5942,5944.1,6009.1,6105.4,6689.7,6101.4,6108.6,6494.3,6083,6021.2,0,6259.4,6318.2,6282.3,5842.2,0,5896.3,5699,6168.3,5627,5623.4,5737.8
5487.8,6000.8,5794.1,6243.6,5737.3,5992.4,6141.1,5573,5804.4,6080.3,5812.3,5743.2,6112.3,5981.8,6442.9,6074,6031.9,6225.5,5778.1,6322.9,0,5789,6009.8,6012.8,6365.1,6121.7,6036.5,0,5929.1,6302.6,6262.9,0,5910.7,5887.4,5967.2,6134.6,6598.7,5966.3,6091.1,6460.1,5946.6,5976.3,0,6187.7,6304.6,6022.1,5955,5759.1,5888.3,5597.5,6062,5530.6,5556.8,5579.9
5529.8,6025.1,5863.3,6206.5,5643,5942.1,6110.8,5535.6,5918.9,5863,5850.6,5786.2,6066.3,5957.6,6427.3,5966.2,6036.2,6236.9,5634.8,6428.8,0,5866.1,6084.8,6118.2,6302.7,6159.4,6133.4,5962.2,5928.6,6352.5,6371.3,0,5916.7,5804.7,5931.1,6134.1,6655.2,5952.5,6103.5,6439.9,6070.6,6071,0,6214.5,6236.4,6205.6,5937,5722.8,5828.8,5689.1,6108.8,5557,5667.7,5635.8
5557.2,6153.9,5781.9,6208.9,5664.9,6064.7,6223,5668.3,5791.1,5947.9,5848.1,5743.3,6079.1,6051.8,6529.6,6052.6,5992.8,6296.2,5617.7,6408.3,0,6030.4,6136.3,6086.3,6363.5,6250.7,5988.6,5943.8,5945.9,6387.7,6338.2,0,5948.3,5948.3,5963.2,6200.8,6567.3,6170.1,6031.1,6356.6,6038.8,6082.1,0,6218.4,6315.3,6060.5,5819,5623.4,6036.7,5759.7,6124.3,5561,5609,5550.6
5523.4,6054.2,5696.4,6048.7,5605.2,5971.4,6007.7,5493.7,5832.5,5861.4,5752,5731.2,5813.9,6072.3,6490,5900.9,6095.9,6355,5619.9,6365.5,0,5922.6,6121,5986.3,6245.1,6261.7,5849,5861.8,5832.7,6312.9,6254.5,0,5881.4,5976.4,5924.1,6122.5,6471.4,6061.4,5943.5,6369.1,5908.6,6066.4,0,6113.9,6296.4,6155.6,5823.7,5610.9,5907.5,5580,6074.5,5468,5530.9,5614.3
5542.5,6009.9,5690.6,6059.2,5589.3,5845.3,6002.1,5444.9,5697.3,5870.5,5716.5,5695.5,5929.7,5933.8,6523.4,5879.4,5894.2,6202,5627.4,6321.1,6037.1,5829.7,5998.9,6023,6258.8,6250.1,5865.7,5713.3,5822.1,6424.7,6379.8,0,5915.3,5866.1,5825.1,6029.3,6413.8,6005.2,5921.3,6449.1,6003,6013.8,0,6064,6201.3,6003.2,5774.6,5601.3,5847.3,5433.8,6098.5,5483.4,5462.7,5609.2
5463.3,5893.8,5564.9,6073.4,5629.1,5927.2,6178.5,5371.5,5713.6,5826.8,5661.9,5668.9,5786.5,5878.9,6462.6,5881.8,5869.7,6111.9,5572.2,6346.6,6042.4,5676.5,5906.2,5948.9,6256.2,6210.8,5841.8,5650.3,5791.4,6176.3,6175.1,0,5792.2,5849.4,5842.1,6074.1,6372.4,5817.4,5895.9,6430,5907.3,5928.8,0,6032.2,6172.3,5958.8,5789.4,5499.5,5827.7,5557,6012.1,5445.1,5519.4,5409.9
5512.2,5915.2,5570.1,6022.4,5624.7,5844.1,5878.8,5453.8,5878.7,5730.7,5720.3,5559.6,5959.3,5838.9,6318.7,5919.7,5818.5,6050.7,5550.5,6290.4,5991.5,5785.9,5897.1,5966.9,6121.2,6114.1,5812.7,5905.3,5734.7,6263.3,6205.8,0,5791.7,5789.5,5861,6028.6,6427.2,5913.9,5872.9,6396.6,5921.2,5915.9,15764,6085.5,6034,6145.4,5587.5,5554.1,5705.3,5399.6,5964.9,5376.6,5394.4,5373.7
5557.6,5867.8,5618.1,6087.8,5495.4,5849.8,6010.5,5456.1,5735.5,5736.2,5631,5597.1,5935.6,5848.3,6453.4,5966.4,5877,6074.2,5525.7,6301.1,6041.9,5772.8,6013.4,6077.7,6283.7,6192.1,5789.9,5688.1,5768.1,6293.6,6234.6,0,5796.9,5878.6,6016.3,6121.2,6378.8,5773.4,5904.5,6484.7,6072.4,5873.1,15488,6130.7,6089.9,6003.7,5667.3,5763.5,5933.5,5466.8,6023.4,5415.4,5398.5,5482.7
