1.726633166,1.558549223,1.591578947,1.581052632,1.570491803,1.61827957,1.51005291,1.653763441,1.558730159,1.56344086,1.542105263,1.620540541,1.482291667,1.517460317,,,,,,,,,,,,,,,,
1.574904943,1.596825397,1.569918699,1.532786885,1.523012552,1.6975,1.558677686,1.589121339,1.610126582,1.562553191,1.594782609,1.597510373,1.504201681,,,,,,,,,,,,,,,,,
1.545263158,1.570526316,1.587628866,1.55027027,1.644919786,1.610928962,1.498395722,1.583516484,1.681967213,1.669230769,1.684269663,1.638251366,1.612154696,,,,,,,,,,,,,,,,,
1.669709544,1.753846154,1.565289256,1.648672566,1.525663717,1.613100437,1.584684685,1.516521739,1.706140351,1.705217391,1.675221239,1.727192982,1.668722467,1.544736842,1.607239819,,,,,,,,,,,,,,,
1.663157895,1.610676157,1.531899642,1.704444444,1.577935943,1.784946237,1.591366906,1.634057971,1.671014493,1.747211896,1.717777778,1.618518519,1.551492537,1.791338583,,,,,,,,,,,,,,,,
1.464353312,1.56,1.452525253,1.476975945,1.55170068,1.524161074,1.518771331,1.633333333,1.583157895,1.597231834,1.588235294,1.577241379,1.626896552,1.619858156,1.513194444,1.483959044,,,,,,,,,,,,,,
1.550177936,1.473309609,1.516541353,1.496268657,1.523193916,1.536153846,1.518287938,1.577777778,1.634920635,1.653174603,1.565217391,1.660728745,1.536,1.5896,1.4953125,1.560483871,1.561702128,,,,,,,,,,,,,
1.661187215,1.534862385,1.653773585,1.573831776,1.612322275,1.606603774,1.717924528,1.637320574,1.559808612,1.637320574,1.653333333,1.710679612,1.732380952,1.655502392,1.612621359,1.56281407,,,,,,,,,,,,,,
1.633587786,1.528571429,1.515079365,1.477235772,1.526446281,1.576859504,1.510084034,1.52244898,1.505627706,1.510833333,1.515021459,1.535294118,,,,,,,,,,,,,,,,,,
1.523144105,1.508928571,1.606926407,1.558744395,1.470222222,1.560368664,1.488584475,1.504545455,1.487387387,1.510502283,1.589814815,1.534862385,1.546976744,1.608450704,,,,,,,,,,,,,,,,
1.519557196,1.615613383,1.496603774,1.596923077,1.558914729,1.592217899,1.495719844,1.530677291,1.644268775,1.534693878,1.586831276,1.527272727,1.577868852,,,,,,,,,,,,,,,,,
1.593774319,1.544444444,1.641463415,1.59338843,1.64,1.57394958,1.52742616,1.58111588,1.639111111,1.606060606,1.559130435,1.585903084,1.497797357,1.54375,1.728506787,1.512888889,,,,,,,,,,,,,,
1.515241636,1.54904943,1.587951807,1.665322581,1.511740891,1.542386831,1.705726872,1.701694915,1.676271186,1.701287554,1.756828194,1.641201717,1.569298246,1.606113537,1.553303965,,,,,,,,,,,,,,,
1.441911765,1.566666667,1.530597015,1.508108108,1.459770115,1.505882353,1.524409449,1.579607843,1.531746032,1.465338645,1.525,1.478884462,1.48340081,1.487096774,1.510569106,,,,,,,,,,,,,,,
1.593522267,1.582051282,1.563636364,1.731896552,1.601724138,1.638053097,1.720338983,1.623214286,1.653811659,1.666375546,1.553448276,1.664655172,1.746363636,1.589830508,,,,,,,,,,,,,,,,
1.505098039,1.496694215,1.563404255,1.488607595,1.486695279,1.526956522,1.513157895,1.506034483,1.503508772,1.570535714,1.47860262,1.557077626,1.453393665,,,,,,,,,,,,,,,,,
1.522923588,1.542281879,1.627272727,1.570921986,1.525,1.683032491,1.488356164,1.529616725,1.589247312,1.679020979,1.534751773,1.583859649,1.526545455,,,,,,,,,,,,,,,,,
1.57164751,1.558015267,1.55256917,1.534939759,1.625203252,1.566527197,1.650212766,1.666101695,1.631168831,1.721212121,1.616,1.627074236,1.596347032,,,,,,,,,,,,,,,,,
1.714159292,1.665789474,1.602643172,1.657142857,1.611059908,1.666666667,1.707476636,1.646788991,1.720187793,1.652534562,1.692890995,1.62629108,1.572511848,1.597129187,1.611707317,1.592270531,1.635294118,1.588292683,1.608823529,1.541062802,1.551456311,1.59800995,,,,,,,,
1.685454545,1.673059361,1.669406393,1.61588785,1.593396226,1.574647887,1.553703704,1.640952381,1.593364929,1.64549763,1.661320755,1.609569378,1.534597156,1.588461538,1.58627451,1.494634146,1.574384236,1.659405941,1.598029557,,,,,,,,,,,
1.599227799,1.629149798,1.563562753,1.558333333,1.512449799,1.516666667,1.718987342,1.558677686,1.602531646,1.549367089,1.528333333,1.668085106,1.590909091,1.587234043,1.589519651,1.616170213,,,,,,,,,,,,,,
1.615770609,1.518411552,1.660674157,1.606617647,1.63003663,1.514285714,1.620769231,1.630943396,1.723371648,1.691828794,1.660629921,1.539759036,1.582539683,1.660580913,1.590946502,1.6088,1.5896,,,,,,,,,,,,,
1.733018868,1.751724138,1.919371728,1.795876289,1.689108911,1.759375,1.801010101,1.656157635,1.846,1.811707317,1.768686869,1.734975369,1.725118483,1.678431373,1.666995074,1.626732673,1.760215054,,,,,,,,,,,,,
1.748623853,1.61,1.587793427,1.669194313,1.524770642,1.657943925,1.64549763,1.777033493,1.803864734,1.723152709,1.724761905,1.806796117,1.554807692,1.606763285,1.593034826,1.673529412,1.830693069,1.622,1.753768844,,,,,,,,,,,
1.542412451,1.567816092,1.615909091,1.685496183,1.448484848,1.634848485,1.535907336,1.690551181,1.650769231,1.664257028,1.619762846,1.616470588,1.578225806,1.6816,1.581967213,1.560330579,,,,,,,,,,,,,,
1.665909091,1.695686275,1.7453125,1.631325301,1.639043825,1.661904762,1.61328125,1.790756303,1.742259414,1.907053942,1.821576763,1.852282158,1.755555556,1.795833333,1.690983607,1.644444444,1.707949791,1.640343348,1.685106383,1.614592275,,,,,,,,,,
1.513268608,1.549488055,1.513513514,1.481751825,1.457971014,1.499636364,1.539849624,1.521863799,1.520714286,1.558273381,1.601481481,1.600727273,1.556043956,1.538289963,1.566051661,1.409160305,,,,,,,,,,,,,,
1.5552,1.547580645,1.6248,1.582113821,1.570124481,1.494605809,1.493162393,1.521518987,1.630567686,1.640167364,1.692827004,1.686919831,1.653389831,1.630567686,,,,,,,,,,,,,,,,
1.567601246,1.595483871,1.592666667,1.574,1.585953177,1.55704698,1.566216216,1.567697595,1.603521127,1.532851986,1.500719424,1.560885609,1.452205882,1.459848485,,,,,,,,,,,,,,,,
1.703418803,1.654148472,1.64587156,1.598206278,1.760909091,1.696330275,1.64372093,1.831775701,1.668899522,1.747663551,1.670422535,1.563551402,1.584037559,1.68952381,1.540096618,1.526570048,1.690731707,1.548543689,1.644334975,1.661538462,1.695049505,,,,,,,,,
1.557407407,1.502304147,1.586407767,1.606698565,1.761165049,1.65971564,1.579146919,1.674178404,1.785781991,1.710798122,1.628301887,1.66763285,1.745365854,1.592156863,1.677227723,1.649261084,,,,,,,,,,,,,,
1.559848485,1.57238806,1.507984791,1.558914729,1.592217899,1.545384615,1.5376,1.583935743,1.534693878,1.586831276,1.590909091,1.49338843,1.566233766,,,,,,,,,,,,,,,,,
1.564084507,1.67037037,1.540363636,1.626765799,1.57443609,1.571755725,1.53,1.682071713,1.564658635,1.566255144,1.695833333,1.600816327,1.497560976,1.522709163,1.566255144,1.443621399,1.612711864,,,,,,,,,,,,,
1.541085271,1.530769231,1.465612648,1.56872428,1.456790123,1.576763485,1.621276596,1.613852814,1.521030043,1.505982906,1.54017094,1.484166667,1.538596491,1.563555556,1.510526316,1.582300885,1.513777778,1.517241379,1.541125541,1.600900901,1.555263158,1.522869955,,,,,,,,
1.648803828,1.757671958,1.770680628,1.767213115,1.803076923,1.685245902,1.736,1.722751323,1.803225806,1.789637306,1.876344086,1.895744681,1.774863388,1.569387755,1.770526316,1.722651934,1.746031746,1.641489362,1.683937824,,,,,,,,,,,
1.599305556,1.54893617,1.620437956,1.562962963,1.513235294,1.525283019,1.497122302,1.502189781,1.622140221,1.544649446,1.635074627,1.631386861,1.563909774,1.496946565,1.496899225,1.604651163,,,,,,,,,,,,,,
1.634449761,1.581094527,1.602030457,1.697461929,1.547474747,1.557512953,1.590954774,1.6,1.558163265,1.689230769,1.685128205,1.485427136,1.605128205,1.630366492,1.694179894,1.667708333,1.538860104,1.576963351,1.466321244,1.680628272,1.596858639,1.604232804,1.584293194,,,,,,,
1.592592593,1.580555556,1.584397163,1.653380783,1.617582418,1.577617329,1.746909091,1.707806691,1.690151515,1.636567164,1.690298507,1.658208955,1.626217228,1.587121212,1.578867925,1.522779923,1.629803922,1.487452471,1.7376,1.583141762,,,,,,,,,,
1.631141869,1.681850534,1.583745583,1.637681159,1.6,1.65984252,1.696551724,1.605577689,1.591538462,1.666932271,1.630204082,1.616064257,,,,,,,,,,,,,,,,,,
1.632214765,1.712413793,1.683221477,1.639130435,1.688028169,1.582608696,1.631541219,1.774910394,1.735971223,1.696402878,1.735793358,1.673913043,1.59704797,1.578210117,,,,,,,,,,,,,,,,
1.624,1.683471074,1.856431535,1.652282158,1.663559322,1.569874477,1.655793991,1.634334764,1.646153846,1.700884956,1.565919283,1.617316017,1.7,1.653333333,1.590222222,1.60733945,1.557446809,,,,,,,,,,,,,
1.505405405,1.611162791,1.684057971,1.702020202,1.62745098,1.586138614,1.612121212,1.649,1.704433498,1.620689655,1.723469388,1.584,1.688557214,1.576530612,1.666666667,1.563076923,1.588481675,1.592746114,1.541538462,,,,,,,,,,,
1.585062241,1.706086957,1.590222222,1.662100457,1.579816514,1.656502242,1.638181818,1.722580645,1.694339623,1.759633028,1.72,1.658767773,1.64,1.714975845,1.663507109,1.606635071,1.621904762,1.643137255,1.593170732,1.552941176,1.652736318,1.555238095,1.589423077,,,,,,,
1.456428571,1.531851852,1.549450549,1.478810409,1.598501873,1.587969925,1.711284047,1.462878788,1.52519084,1.594488189,1.613953488,1.53125,1.488,1.531225296,,,,,,,,,,,,,,,,
1.547407407,1.677821012,1.639837398,1.7384,1.658730159,1.643373494,1.761111111,1.6824,1.643621399,1.591769547,1.587854251,1.586666667,1.530894309,1.682352941,,,,,,,,,,,,,,,,
1.606722689,1.625108225,1.557575758,1.637837838,1.520175439,1.602727273,1.631390135,1.630909091,1.63,1.611818182,1.576681614,1.730143541,1.569014085,1.57535545,1.614285714,1.793333333,1.593301435,1.598086124,1.627184466,1.582439024,,,,,,,,,,
1.630246914,1.683870968,1.558306189,1.671710526,1.792156863,1.77,1.666225166,1.624832215,1.704761905,1.712837838,1.60137931,1.658503401,1.708275862,1.489965398,1.562773723,,,,,,,,,,,,,,,
1.573809524,1.64691358,1.562962963,1.573333333,1.534710744,1.723849372,1.598290598,1.572649573,1.601724138,1.528755365,1.527659574,1.550649351,1.51754386,1.567400881,1.611659193,1.509333333,1.528571429,,,,,,,,,,,,,
1.664197531,1.627004219,1.678333333,1.516666667,1.541422594,1.591416309,1.576824034,1.541964286,1.6,1.51965812,1.540969163,1.579534884,1.527853881,1.605504587,1.523502304,,,,,,,,,,,,,,,
1.67109375,1.493700787,1.592771084,1.67654321,1.6136,1.578947368,1.577777778,1.546887967,1.624166667,1.588381743,1.499145299,1.598305085,1.612875536,1.689565217,1.527966102,1.671929825,1.599122807,,,,,,,,,,,,,
1.554,1.665217391,1.691397849,1.561256545,1.779569892,1.702673797,1.645918367,1.621649485,1.651546392,1.557671958,1.658585859,1.605076142,1.590673575,1.595811518,,,,,,,,,,,,,,,,
1.483534137,1.587250996,1.515079365,1.53902439,1.548387097,1.624390244,1.584677419,1.495546559,1.5125,1.501276596,1.572881356,1.559166667,1.569166667,1.525210084,1.610126582,1.645106383,1.538842975,,,,,,,,,,,,,
1.526451613,1.589225589,1.718243243,1.675838926,1.88956229,1.843478261,1.86875,1.715570934,1.693197279,1.594557823,1.656856187,1.657432432,1.660689655,1.654982818,1.692929293,1.75625,1.659385666,1.641496599,1.658940397,1.611258278,1.72885906,,,,,,,,,
1.627184466,1.698536585,1.716326531,1.683902439,1.784693878,1.745,1.713089005,1.647916667,1.608205128,1.642487047,1.630769231,1.667357513,1.633507853,1.62962963,1.571727749,1.62617801,,,,,,,,,,,,,,
1.612556054,1.592241379,1.672222222,1.648430493,1.606278027,1.658008658,1.636036036,1.557391304,1.582608696,1.561643836,1.553153153,1.646296296,1.549090909,1.554054054,1.532743363,1.631924883,,,,,,,,,,,,,,
1.658237548,1.603759398,1.59140625,1.70483871,1.612749004,1.678333333,1.715352697,1.588709677,1.552653061,1.618032787,1.631147541,1.563114754,1.629752066,1.589121339,1.5368,,,,,,,,,,,,,,,
1.667361111,1.604912281,1.479442509,1.543571429,1.518439716,1.521126761,1.567153285,1.567375887,1.455633803,1.538515901,1.528571429,1.474647887,1.582733813,,,,,,,,,,,,,,,,,
1.634309623,1.722943723,1.641201717,1.748471616,1.678571429,1.55840708,1.580530973,1.597297297,1.650678733,1.715454545,1.599047619,1.643062201,1.725471698,1.568115942,1.560747664,1.562318841,1.545283019,1.615533981,1.577142857,1.598104265,1.598130841,1.676056338,1.535813953,1.517757009,1.581651376,1.617924528,1.591743119,1.544230769,,
1.599038462,1.737,1.595979899,1.542439024,1.772020725,1.616326531,1.702590674,1.594949495,1.639175258,1.546391753,1.697959184,1.614285714,1.715183246,1.631958763,1.570984456,1.690217391,1.585106383,1.616042781,1.70106383,1.663157895,1.635294118,1.529032258,1.567741935,1.674468085,,,,,,
1.661538462,1.712690355,1.66031746,1.732258065,1.742105263,1.719354839,1.711827957,1.693617021,1.688172043,1.689839572,1.697849462,1.617112299,1.593650794,1.732222222,1.664130435,1.644086022,1.592391304,1.671111111,1.664088398,1.671038251,1.605524862,1.682417582,1.67752809,1.682222222,1.638674033,1.616574586,1.618681319,1.558241758,1.66961326,1.640449438
1.494871795,1.49955157,1.457534247,1.566816143,1.452727273,1.581651376,1.524770642,1.476851852,1.555760369,1.574429224,1.56803653,1.619444444,1.556880734,1.582325581,1.530909091,1.50521327,1.513333333,1.571698113,1.553488372,1.478873239,1.563902439,1.495238095,1.444339623,1.597058824,,,,,,
1.607446809,1.705434783,1.676243094,1.65505618,1.523913043,1.673142857,1.627777778,1.595628415,1.652272727,1.607865169,1.628888889,1.684615385,1.610869565,1.566666667,1.605555556,1.63258427,1.58547486,1.617142857,1.638857143,1.670520231,1.606818182,1.587709497,1.621714286,1.56374269,,,,,,
1.623893805,1.548444444,1.582648402,1.591743119,1.620465116,1.564814815,1.571830986,1.605687204,1.620754717,1.636866359,1.542592593,1.675700935,1.644549763,1.593364929,1.518691589,1.519069767,1.494009217,1.498130841,1.525225225,1.55483871,1.640740741,1.560730594,1.579372197,1.495575221,1.50877193,1.527678571,1.423111111,1.486098655,,
2.213100437,2.031489362,2.193777778,2.179646018,2.056,2.00913242,1.999103139,2.162162162,2.186915888,2.067605634,2.091943128,2.036448598,2.022018349,2.03271028,2.061682243,2.145454545,2.034741784,2.048113208,2.20776699,2.095522388,2.1,2.039805825,2.037142857,1.904147465,2.03364486,2.084422111,2.022641509,2.17184466,2.102463054,2.154901961
1.69707113,1.5958159,1.594666667,1.527753304,1.505627706,1.529257642,1.545217391,1.580701754,1.434361233,1.585777778,1.499122807,1.557272727,1.616216216,1.653881279,1.610045662,1.640358744,1.631111111,1.552727273,1.564383562,1.459192825,,,,,,,,,,
1.513178295,1.712653061,1.5184,1.634285714,1.583606557,1.566801619,1.532520325,1.754621849,1.671489362,1.764655172,1.635744681,1.644725738,1.691703057,1.673504274,1.664680851,1.607725322,1.590638298,1.543722944,1.606008584,1.684848485,1.753913043,1.652631579,1.634210526,1.642608696,1.571681416,1.648245614,1.787179487,1.621238938,1.56017316,
1.487704918,1.61092437,1.602586207,1.510084034,1.485957447,1.595708155,1.644827586,1.721212121,1.657641921,1.613617021,1.648484848,1.637885463,1.746153846,1.6,1.651282051,1.716883117,1.525106383,1.607725322,1.72360515,1.683116883,1.656637168,1.764347826,1.706726457,1.660344828,1.659915612,1.587012987,1.602564103,1.536521739,,
1.935294118,1.910084034,1.937719298,1.881777778,1.967400881,1.995708155,1.913537118,1.897345133,1.82920354,1.910132159,1.960538117,1.871681416,2.017040359,1.909821429,1.951818182,1.765065502,1.852914798,1.859728507,1.889189189,1.83800905,1.841284404,1.994594595,1.838356164,1.722727273,1.761818182,1.784259259,1.873972603,1.751886792,1.775454545,1.74587156
1.528270042,1.569098712,1.576315789,1.736,1.648214286,1.548672566,1.551569507,1.669683258,1.6625,1.616143498,1.547945205,1.615454545,1.552036199,1.629493088,1.620276498,1.569090909,1.54562212,1.622018349,1.622429907,1.601886792,1.722488038,1.556481481,1.58957346,,,,,,,
3.3968,3.138211382,3.310460251,3.283817427,3.235497835,3.135064935,3.086206897,3.269230769,2.982905983,3.077333333,3.072807018,3.120353982,2.966812227,3.160180995,3.044736842,2.835874439,3.172897196,2.955760369,3.128110599,3.25,2.944186047,3.030769231,2.86359447,3.075113122,3.104587156,3.090232558,3.076146789,3.2456621,3.114553991,3.275829384
1.61,1.518411552,1.577935943,1.618518519,1.624087591,1.514285714,1.574144487,1.595454545,1.612927757,1.630943396,1.707086614,1.688803089,1.626666667,1.50234375,1.582539683,1.640163934,1.5856,1.609716599,1.603984064,1.513833992,1.576984127,1.610980392,1.6,1.6208,1.5192,1.536842105,1.492369478,,,
1.897472924,2.127626459,1.891764706,1.991056911,1.95708502,1.905220884,1.936842105,1.867234043,1.855510204,1.908196721,1.985217391,1.979253112,1.942738589,1.842798354,1.877777778,1.856277056,1.874576271,1.943722944,1.857391304,1.910434783,1.759307359,1.904845815,2.012334802,1.917180617,1.807111111,1.917180617,1.791111111,1.774449339,1.87239819,
1.596453901,1.564492754,1.536296296,1.575193798,1.627868852,1.634509804,1.555212355,1.665338645,1.5664,1.774273859,1.587903226,1.596761134,1.696296296,1.588709677,1.608870968,1.709243697,1.681355932,1.703004292,1.630125523,1.633191489,1.671966527,1.631932773,1.738461538,1.674678112,1.644813278,1.567768595,1.68852459,1.6575,1.508196721,1.627272727
1.690039841,1.713944223,1.594308943,1.647058824,1.617355372,1.693617021,1.647457627,1.78893617,1.760888889,1.696943231,1.624576271,1.6,1.646696035,1.617117117,1.628070175,1.653811659,1.65814978,1.579279279,1.601793722,1.633777778,1.542081448,1.649777778,1.60456621,1.564383562,1.590825688,1.619534884,1.518691589,1.567772512,,
1.633948339,1.601568627,1.614007782,1.542641509,1.639272727,1.657370518,1.60876494,1.596981132,1.686166008,1.720930233,1.73618677,1.677165354,1.7496,1.72704918,1.758474576,1.598333333,1.61877551,1.633187773,1.559677419,1.703361345,1.64534413,1.61124498,1.693442623,1.685140562,1.705439331,1.619277108,1.5975,1.638842975,1.574380165,1.64845815
1.618726592,1.581021898,1.755725191,1.665637066,1.671317829,1.683003953,1.742971888,1.753784861,1.647346939,1.675409836,1.702419355,1.618699187,1.697520661,1.529880478,1.605511811,1.748594378,1.637860082,1.658227848,1.623770492,1.663829787,1.562655602,1.516182573,1.626890756,1.547234043,,,,,,
1.697580645,1.613877551,1.523387097,1.691983122,1.704273504,1.638818565,1.652719665,1.622510823,1.79137931,1.868398268,1.879295154,1.823111111,1.77008547,1.779555556,1.681777778,1.685067873,1.633183857,1.638356164,1.718918919,1.673542601,1.767420814,1.744642857,1.648648649,1.72735426,1.738604651,1.734545455,1.721621622,1.658604651,1.75412844,1.677777778
4.927567568,4.805617978,4.479569892,4.176666667,4.557714286,4.336363636,4.315083799,3.901149425,4.108139535,3.911111111,3.698285714,4.17740113,3.693258427,4.308139535,3.917714286,4.071345029,4.036046512,4.003409091,4.184883721,4.135260116,3.926857143,3.988372093,3.757954545,3.857303371,3.847674419,3.597752809,3.959537572,3.730177515,3.691525424,3.629378531
1.580590717,1.510917031,1.694323144,1.553424658,1.569090909,1.616666667,1.633777778,1.642152466,1.620353982,1.581333333,1.717272727,1.6,1.463348416,1.50875576,1.591666667,1.614746544,1.617840376,1.512037037,1.644036697,1.562616822,1.485714286,1.569953052,,,,,,,,
1.548307692,1.57689769,1.553289474,1.591275168,1.55704698,1.566216216,1.546440678,1.603521127,1.547368421,1.546376812,1.527338129,1.477818182,1.594052045,1.500719424,1.549450549,1.428467153,1.461886792,1.567692308,1.497276265,1.573643411,1.513846154,1.593939394,1.614671815,1.4996139,1.513076923,1.499619772,1.511196911,,,
1.5075,1.478448276,1.547826087,1.535185185,1.499099099,1.585388128,1.631481481,1.584688995,1.654976303,1.529245283,1.831840796,1.77961165,1.596190476,1.568472906,1.513170732,1.62705314,1.631372549,1.619900498,1.670646766,1.574226804,1.732642487,1.596059113,,,,,,,,
1.746551724,1.614096916,1.682191781,1.631304348,1.599095023,1.675,1.631627907,1.687323944,1.733632287,1.731506849,1.66367713,1.808372093,1.700456621,1.772897196,1.613333333,1.625352113,1.51047619,1.697196262,1.680392157,1.730143541,1.681904762,1.69478673,1.566183575,1.646601942,1.557281553,1.726213592,1.601941748,,,
3.757843137,3.678431373,3.52038835,3.532338308,3.336945813,3.398,3.152941176,3.026530612,3.22244898,3.186934673,3.181818182,3.263212435,3.278125,3.504615385,3.530890052,3.171134021,3.38125,3.25106383,3.258947368,3.187301587,3.160869565,3.152631579,3.393548387,3.091578947,3.258031088,3.362765957,3.258823529,3.434736842,3.156701031,3.28994709
1.64516129,1.6,1.567619048,1.611594203,1.606796117,1.574879227,1.688235294,1.651456311,1.669565217,1.643192488,1.655924171,1.692380952,1.59138756,1.633165829,1.667647059,1.598029557,1.572307692,1.681218274,1.488349515,1.50430622,1.545812808,1.590954774,1.593908629,1.54822335,1.454726368,1.528643216,1.528358209,1.56453202,1.569,
1.577884615,1.621674877,1.544554455,1.512621359,1.487,1.590769231,1.686315789,1.598963731,1.657894737,1.57591623,1.538383838,1.549473684,1.580904523,1.643478261,1.564583333,1.643243243,1.679569892,1.684042553,1.642931937,1.68839779,1.687567568,1.595833333,1.63655914,1.59010989,1.728571429,,,,,
1.780188679,1.826262626,1.671627907,1.778894472,1.762244898,1.790526316,2.008938547,1.869035533,1.912765957,1.889130435,1.951612903,1.892896175,1.693264249,1.648958333,1.810810811,1.843478261,1.754255319,1.783606557,1.734042553,1.803157895,1.866666667,1.778125,1.966137566,1.748484848,1.631794872,1.764646465,1.707291667,1.663589744,,
1.642930153,1.663120567,1.711029412,1.586885246,1.72556391,1.834184676,1.658666667,1.815079365,1.751181102,1.701587302,1.820576132,1.935772358,1.6712,1.715611814,1.751020408,1.739837398,1.75473251,1.692436975,1.686192469,1.694605809,1.736752137,1.757081545,1.85974026,1.768695652,1.724894515,1.652360515,1.638053097,,,
1.62037037,1.557209302,1.612322275,1.683018868,1.682296651,1.619138756,1.684466019,1.673891626,1.632195122,1.740487805,1.700961538,1.581372549,1.697607656,1.543809524,1.616425121,1.637320574,1.592195122,1.625742574,1.595098039,1.69035533,1.582352941,1.591,1.538308458,1.694634146,1.615920398,1.659701493,1.562135922,1.565,1.613,1.631155779
1.63902439,1.532075472,1.662376238,1.804145078,1.682653061,1.613930348,1.807960199,1.696039604,1.729648241,1.684,1.938461538,1.732653061,1.657291667,1.706598985,1.577777778,1.631472081,1.530964467,1.651851852,1.638974359,1.552525253,1.63857868,1.740625,1.758974359,1.802139037,1.736458333,1.601010101,1.64021164,1.661928934,1.568367347,
1.563218391,1.5,1.650199203,1.505511811,1.5392,1.551778656,1.598418972,1.76031746,1.588932806,1.540650407,1.591869919,1.62811245,1.575396825,1.627642276,1.625862069,1.541276596,1.617647059,1.541880342,1.621052632,1.561016949,1.577586207,1.693617021,1.645454545,1.607563025,1.602553191,1.560995851,,,,
1.666891892,1.629655172,1.572142857,1.566789668,1.60962963,1.539416058,1.637453184,1.620512821,1.690272374,1.640466926,1.693023256,1.646743295,1.600787402,1.521115538,1.604048583,1.54047619,1.669198312,1.626720648,1.683333333,1.666666667,1.683682008,1.657021277,1.548971193,1.595867769,1.61787234,1.563114754,1.631578947,1.593043478,1.613392857,
1.587548638,1.52,1.671020408,1.616806723,1.637246964,1.7744,1.5951417,1.697540984,1.585774059,1.624896266,1.654693878,1.62962963,1.574683544,1.640983607,1.680851064,1.64,1.602654867,1.659482759,1.591150442,1.58111588,1.590434783,1.68209607,1.656277056,1.609401709,1.594067797,,,,,
1.487356322,1.5003861,1.468774704,1.542971888,1.589256198,1.698755187,1.568163265,1.567741935,1.52345679,1.651666667,1.567768595,1.525925926,1.553586498,1.515702479,1.624347826,1.578813559,1.774576271,1.688986784,1.587068966,1.683333333,1.536206897,1.59650655,1.555066079,,,,,,,
1.609722222,1.427586207,1.502877698,1.574358974,1.472324723,1.434090909,1.493939394,1.485283019,1.550194553,1.538823529,1.518287938,1.525096525,1.529880478,1.556972112,1.528455285,1.445081967,1.456903766,1.544444444,1.634854772,1.513692946,1.508403361,1.555932203,1.566086957,1.50464135,1.543220339,1.617948718,1.590598291,,,
4.620353982,6.085020243,6.805,2.654883721,2.364705882,2.660093897,2.584688995,2.450943396,5.675,5.587330317,5.538604651,5.908920188,1.81047619,5.700900901,5.351473923,2.725603865,5.10531401,5.479824561,1.653398058,5.308597285,6.001826484,5.75255814,5.770175439,5.803603604,5.690990991,5.560801782,4.758252427,5.446770601,1.619607843,1.603940887
1.487356322,1.549003984,1.52992126,1.53625498,1.56194332,1.657489879,1.571084337,1.570850202,1.532510288,1.582572614,1.563179916,1.730578512,1.650643777,1.591596639,1.59650655,1.628695652,1.491304348,1.548245614,,,,,,,,,,,,
1.551492537,1.535114504,1.599224806,1.512840467,1.588932806,1.525096525,1.606225681,1.56124031,1.580237154,1.645238095,1.668235294,1.678087649,1.632539683,1.560769231,1.65060241,1.566798419,1.551612903,1.65060241,1.618106996,1.556451613,1.530833333,1.570940171,1.642608696,1.533333333,,,,,,
1.551492537,1.535114504,1.605447471,1.506976744,1.582677165,1.521235521,1.56124031,1.580237154,1.668235294,1.558139535,1.632539683,1.566798419,1.557894737,1.65060241,1.624793388,1.55021097,1.576033058,1.642608696,1.528510638,1.533905579,1.579824561,1.508225108,,,,,,,,
2.435897436,2.303030303,2.274074074,2.069035533,2.228421053,2.014659686,2.056994819,2.285561497,2.135519126,2.072527473,1.984782609,2.080434783,1.984699454,2.115384615,2.229473684,2.095698925,2.069945355,1.966101695,2.055614973,2.009944751,2.068817204,1.968888889,1.914285714,2.034042553,2.005434783,2.15,1.97540107,1.982417582,1.997860963,2.005405405
1.616988417,1.5912,1.663559322,1.675862069,1.629661017,1.635897436,1.550833333,1.638095238,1.746846847,1.725541126,1.721585903,1.734801762,1.796444444,1.592105263,1.591150442,1.611353712,1.631718062,1.659728507,1.674107143,1.555656109,1.855299539,1.591780822,1.583783784,1.684684685,1.71559633,1.620909091,1.725791855,1.510619469,1.585714286,
1.772036474,1.752439024,1.638585209,1.722516556,1.76442953,1.746258503,1.765397924,1.805555556,1.648648649,1.626388889,1.649295775,1.65229682,1.652631579,1.730181818,1.648398577,1.567259786,1.680586081,1.721167883,1.633333333,1.63297491,1.741726619,1.668100358,1.717293233,1.648905109,,,,,,
1.757943925,1.732038835,1.687323944,1.675700935,1.758490566,1.784079602,1.725742574,1.76318408,1.780295567,1.753846154,1.693596059,1.628571429,1.750980392,1.710416667,1.651,1.703157895,1.654255319,1.600980392,1.608121827,1.735294118,1.708163265,1.614,1.750769231,1.735789474,1.6,1.741968912,1.507537688,1.601025641,,
1.635433071,1.674015748,1.779661017,1.667234043,1.673170732,1.721818182,1.816037736,1.801851852,1.949019608,1.926732673,1.922167488,1.794202899,1.850232558,1.653333333,1.812,1.667605634,1.672641509,1.670873786,1.842639594,1.84040404,1.785781991,1.736585366,1.971717172,1.792039801,1.778894472,1.785294118,1.588785047,1.686829268,1.582325581,
1.589864865,1.618772563,1.75505618,1.526811594,1.568656716,1.62804428,1.540458015,1.643410853,1.622137405,1.59453125,1.653441296,1.709163347,1.571428571,1.642857143,1.674103586,1.523694779,1.663967611,1.713580247,1.574590164,1.527935223,1.511111111,1.63495935,1.57983871,1.611570248,1.500840336,1.510655738,,,,
1.595254237,1.559139785,1.571969697,1.607518797,1.620610687,1.5632,1.557647059,1.600784314,1.674285714,1.4872,1.556734694,1.598380567,1.486639676,1.555465587,1.545679012,1.541176471,1.521774194,1.583263598,1.616528926,1.556666667,1.490295359,1.480816327,,,,,,,,
1.526470588,1.593333333,1.564661654,1.517509728,1.573493976,1.540625,1.786454183,1.669465649,1.631746032,1.616064257,1.613229572,1.656573705,1.626829268,1.592592593,1.60244898,1.533064516,1.541129032,1.6,1.568852459,1.603305785,1.666666667,1.554621849,1.569918699,1.566666667,1.652173913,1.5593361,,,,
1.575892857,1.54,1.568159204,1.574407583,1.560591133,1.575,1.586069652,1.559798995,1.631683168,1.57745098,1.623589744,1.678974359,1.637305699,1.676683938,1.598963731,1.471641791,1.710309278,1.519587629,1.550505051,1.551794872,1.621428571,1.754973822,1.617801047,1.601041667,1.609326425,,,,,
4.031578947,4.026484018,3.849302326,3.794495413,3.679069767,3.655660377,3.510798122,3.647222222,3.403791469,3.470046083,3.44245283,3.354066986,3.563461538,3.29245283,3.430243902,3.505769231,3.533333333,3.389320388,3.649019608,3.546078431,3.423188406,3.459701493,3.366502463,3.327699531,3.457281553,3.366,3.313043478,3.612935323,3.510679612,3.438423645
1.508208955,1.591505792,1.604780876,1.556097561,1.522580645,1.5848,1.5376,1.67295082,1.687242798,1.658577406,1.647933884,1.547368421,1.640336134,1.561157025,1.627234043,1.584615385,1.538135593,1.663559322,1.605084746,1.655696203,1.630042918,1.585531915,1.657383966,1.624472574,1.476987448,1.645957447,1.582426778,1.633043478,1.619827586,1.72173913
1.714828897,1.636078431,1.610980392,1.613545817,1.696825397,1.704453441,1.658333333,1.604032258,1.665853659,1.63127572,1.739495798,1.565289256,1.656302521,1.556485356,1.555555556,1.493723849,1.548148148,1.579079498,1.611814346,1.63442623,1.551464435,1.567634855,1.584279476,,,,,,,
1.555357143,1.538248848,1.733333333,1.718721461,1.594520548,1.664454976,1.710599078,1.624528302,1.566666667,1.609259259,1.597156398,1.634741784,1.782524272,1.686666667,1.597169811,1.551196172,1.730097087,1.639800995,1.511961722,1.5,1.628708134,1.511111111,1.635680751,1.523853211,1.646153846,1.55,1.63627451,1.50952381,1.55631068,1.543283582
1.584328358,1.464615385,1.569411765,1.604938272,1.4848,1.553658537,1.623293173,1.724696356,1.592340426,1.620425532,1.592561983,1.577777778,1.617721519,1.649781659,1.524576271,1.488510638,1.553777778,1.554585153,1.502164502,1.551351351,1.591111111,1.680349345,1.530396476,1.62300885,1.701333333,1.49339207,1.518018018,,,
1.602189781,1.653531599,1.578597786,1.652631579,1.66848249,1.63515625,1.592996109,1.55059761,1.5275,1.51512605,1.589121339,1.593495935,1.574380165,1.601716738,1.616981132,1.655605381,1.566972477,1.637614679,1.620091324,1.667272727,1.612556054,1.498678414,1.568965517,,,,,,,
1.593248945,1.67639485,1.533624454,1.489777778,1.619909502,1.520535714,1.510619469,1.640723982,1.591743119,1.530396476,1.656756757,1.564444444,1.670697674,1.550909091,1.49537037,1.70952381,1.51588785,1.655963303,1.6,1.466359447,1.537089202,1.578095238,1.571014493,1.625,1.606666667,1.4784689,1.462264151,,,
1.77109375,1.847457627,1.805042017,1.782532751,1.80862069,1.839830508,1.806060606,1.682051282,1.746218487,1.586721992,1.783333333,1.5951417,1.630508475,1.787214612,1.668067227,1.820091324,1.657777778,1.661946903,1.61793722,1.685067873,1.778995434,1.666666667,1.768468468,1.751886792,1.653571429,1.630973451,1.716216216,1.811214953,,
1.432544379,1.501863354,1.537459283,1.471746032,1.55033557,1.510819672,1.590879479,1.615081967,1.707284768,1.651803279,1.582781457,1.61270903,1.527272727,1.589932886,1.670945946,1.566782007,1.617123288,1.630175439,1.643902439,1.509722222,1.655395683,1.552816901,1.565942029,,,,,,,
2.115207373,1.811555556,1.994444444,1.999052133,1.99138756,1.95,1.958823529,1.940776699,1.920588235,1.984466019,1.987,2.022439024,1.892385787,1.977114428,2.019512195,1.924137931,1.953694581,2.192820513,2.008163265,1.889447236,1.867005076,1.91,1.865326633,1.784313725,1.904615385,1.817821782,2.018274112,2.010309278,1.837254902,1.8
1.556164384,1.630175439,1.538181818,1.546715328,1.617100372,1.654135338,1.58021978,1.666153846,1.546969697,1.516030534,1.586345382,1.644274809,1.4672,1.451737452,1.49765625,1.596774194,1.613654618,1.565737052,1.509163347,1.555905512,1.575903614,1.459760956,1.460465116,1.534901961,1.537096774,1.470731707,1.590361446,,,
1.684251969,1.63935743,1.591129032,1.600796813,1.544354839,1.629508197,1.694117647,1.746382979,1.769298246,1.889956332,1.787719298,1.828070175,1.76754386,1.732735426,1.795614035,1.731578947,1.6,1.618099548,1.557709251,1.657798165,1.732718894,1.823041475,1.768075117,1.762441315,1.651401869,1.68744186,1.584331797,1.578095238,1.562790698,
1.611724138,1.635842294,1.721254355,1.752380952,1.626056338,1.629602888,1.66119403,1.728148148,1.590225564,1.574452555,1.583823529,1.681368821,1.578676471,1.566542751,1.675285171,1.678884462,1.6,1.641897233,1.6312,1.50078125,1.587644788,1.6072,1.593650794,1.494071146,1.519678715,1.617813765,1.573705179,1.5925,1.695510204,1.459109312
1.504166667,1.641114983,1.576,1.608633094,1.589010989,1.677692308,1.570909091,1.602214022,1.516058394,1.581549815,1.68754717,1.62527881,1.587022901,1.525,1.5328125,1.610116732,1.684920635,1.559375,1.599190283,1.580079681,1.4888,1.495582329,1.553225806,1.581673307,1.479674797,1.492,1.604979253,,,
1.615384615,1.556756757,1.634262948,1.657480315,1.648582996,1.695901639,1.654618474,1.641322314,1.704132231,1.798283262,1.623529412,1.656666667,1.717094017,1.577682403,1.604958678,1.6,1.609401709,1.690598291,1.672173913,1.717647059,1.691891892,1.648,1.733936652,1.703603604,1.572197309,1.690666667,1.62690583,1.524778761,1.631531532,1.634234234
1.633552632,1.643624161,1.677304965,1.636101083,1.597864769,1.670036101,1.696727273,1.762081784,1.725373134,1.735338346,1.736567164,1.633962264,1.739694656,1.685931559,1.757575758,1.73875969,1.621960784,1.596911197,1.65078125,1.637647059,1.828571429,1.677394636,1.696414343,1.69375,1.781889764,1.7112,1.7568,1.565116279,1.600784314,1.618326693
1.637096774,1.689243028,1.651821862,1.879831933,1.652282158,1.686554622,1.595901639,1.708444444,1.510548523,1.617316017,1.692576419,1.646017699,1.576419214,1.694690265,1.590222222,1.614746544,1.587826087,1.599086758,1.686635945,1.618103448,1.596396396,1.608888889,1.613043478,,,,,,,
1.821316614,1.798113208,1.797377049,1.717218543,1.841610738,1.75016835,1.767346939,1.925174825,1.95335689,2.089824561,1.957818182,2.134798535,2.158518519,1.967647059,1.837037037,1.823220974,1.785714286,1.736802974,1.743173432,1.81969697,1.805970149,1.884942085,1.934661355,1.996124031,1.905098039,2.02578125,1.789393939,1.811673152,1.716731518,1.73540856
1.60890411,1.777946768,1.633093525,1.666906475,1.645522388,1.781679389,1.683018868,1.629520295,1.677862595,1.815849057,1.652272727,1.82481203,1.631178707,1.588014981,1.705343511,1.605363985,1.642023346,1.59765625,1.637450199,1.7546875,1.6984375,1.779282869,1.77188755,1.609486166,1.680658436,1.62016129,1.583805668,1.636820084,1.622594142,1.668067227
1.688023952,1.640372671,1.611184211,1.683006536,1.786319218,1.806122449,1.694276094,1.608637874,1.681879195,1.73630137,1.652881356,1.726132404,1.534767025,1.547887324,1.646975089,1.734767025,1.675812274,1.798555957,1.710545455,1.757818182,1.660223048,1.498901099,1.575849057,,,,,,,
1.624521073,1.634220532,1.592125984,1.540996169,1.636,1.75546875,1.772332016,1.647619048,1.710121457,1.694650206,1.672427984,1.578947368,1.668016194,1.702811245,1.594422311,1.616194332,1.612396694,1.558024691,1.575308642,1.6,1.547540984,1.684166667,1.531380753,1.610970464,,,,,,
1.491986063,1.465934066,1.593406593,1.628461538,1.728,1.747619048,1.534136546,1.44765625,1.577959184,1.495582329,1.584745763,1.571666667,1.607594937,1.616949153,1.615450644,1.689177489,1.63776824,1.605128205,1.488607595,1.542016807,1.626839827,1.562114537,,,,,,,,
1.54137931,1.590175439,1.627272727,1.572857143,1.621830986,1.555789474,1.784386617,1.713409962,1.789591078,1.723571429,1.571830986,1.638095238,1.498168498,1.72967033,1.660700389,1.772180451,1.642911877,1.692134831,1.582222222,1.713409962,1.644,,,,,,,,,
1.512554113,1.63580786,1.621719457,1.587155963,1.660185185,1.604651163,1.579534884,1.510280374,1.571428571,1.576076555,1.588235294,1.563461538,1.534597156,1.462616822,1.546788991,1.486511628,,,,,,,,,,,,,,
1.514788732,1.568939394,1.464444444,1.560617761,1.586046512,1.572830189,1.572727273,1.601538462,1.575289575,1.515384615,1.556420233,1.63828125,1.515748031,1.606299213,1.58699187,1.525896414,1.528979592,1.555465587,1.625910931,1.597590361,1.655421687,1.56437247,1.59665272,1.632921811,1.574193548,1.620689655,1.606779661,1.492946058,,
1.5003861,1.496031746,1.575686275,1.53625498,1.556175299,1.677868852,1.583805668,1.567741935,1.52345679,1.647736626,1.548571429,1.526229508,1.515702479,1.576371308,1.5525,1.615062762,1.759663866,1.670338983,1.679475983,1.566808511,1.656652361,1.560515021,1.621645022,1.491304348,1.561946903,,,,,
1.495833333,1.505594406,1.456834532,1.569230769,1.583011583,1.570114943,1.647580645,1.605490196,1.591056911,1.487649402,1.547368421,1.583606557,1.62406639,1.511666667,1.624691358,1.474285714,1.465873016,1.5,1.4408,1.46557377,,,,,,,,,,
1.551376147,1.613084112,1.521359223,1.662200957,1.690731707,1.76097561,1.648039216,1.648514851,1.632160804,1.67979798,1.575124378,1.535960591,1.547,1.608955224,1.612871287,1.656122449,1.677948718,1.61865285,1.581632653,1.692385787,1.578238342,,,,,,,,,
1.637885463,1.586547085,1.589140271,1.609865471,1.646082949,1.64516129,1.752884615,1.604694836,1.755348837,1.588732394,1.636363636,1.566666667,1.634782609,1.694174757,1.623188406,1.647393365,1.631428571,1.588516746,1.64952381,1.538095238,1.598058252,1.648309179,1.596039604,1.696585366,1.553846154,1.531034483,,,,
1.571304348,1.594849785,1.575892857,1.585585586,1.675,1.73963964,1.642342342,1.700460829,1.600934579,1.542990654,1.65258216,1.672985782,1.577981651,1.620754717,1.617351598,1.612037037,1.746919431,1.521100917,1.502752294,1.601851852,1.650704225,1.503809524,,,,,,,,
1.740932642,1.628140704,1.766666667,1.7,1.736410256,1.869791667,1.796825397,1.773404255,1.861375661,1.782887701,1.719371728,1.704210526,1.659067358,1.710638298,1.690909091,1.660540541,1.741621622,1.714130435,1.64673913,1.663101604,1.618378378,,,,,,,,,
1.455714286,1.492198582,1.456617647,1.515151515,1.507751938,1.563846154,1.525384615,1.474524715,1.462548263,1.495686275,1.46692607,1.580876494,1.493023256,1.557142857,1.4712,1.571084337,1.561290323,1.525896414,1.477732794,1.465322581,1.45060241,1.526141079,,,,,,,,
1.669565217,1.709401709,1.748623853,1.816363636,1.834666667,1.723287671,1.726940639,1.783636364,1.812727273,1.663478261,1.807239819,1.881981982,1.862857143,1.725688073,1.650666667,1.657798165,1.626415094,,,,,,,,,,,,,
1.648360656,1.533870968,1.542741935,1.6128,1.690376569,1.626229508,1.641841004,1.586554622,1.567521368,1.585470085,1.565957447,1.585531915,1.526180258,1.6,1.631858407,1.753271028,1.660909091,1.67627907,1.712217195,1.750684932,1.654883721,1.61981982,1.589861751,1.533035714,1.68202765,,,,,
1.64372093,1.474235808,1.707623318,1.545777778,1.525110132,1.689090909,1.555555556,1.567123288,1.622772277,1.522522523,1.530973451,1.581395349,1.635820896,1.545283019,1.669811321,1.692156863,1.624528302,,,,,,,,,,,,,
1.558649789,1.555652174,1.523478261,1.493965517,1.483544304,1.450632911,1.556223176,1.608108108,1.536563877,1.545945946,1.568468468,1.438222222,1.444642857,1.454464286,1.516363636,1.546296296,1.456074766,1.506849315,,,,,,,,,,,,
1.409059233,1.563829787,1.51316726,1.664347826,1.551464435,1.69787234,1.652991453,1.649785408,1.699563319,1.543478261,1.54173913,1.631858407,1.527753304,1.71754386,1.585650224,1.707692308,1.614285714,1.644444444,1.515283843,1.502678571,1.537219731,,,,,,,,,
1.52972973,1.628440367,1.489302326,1.58156682,1.562679426,1.56635514,1.493838863,1.579904306,1.599056604,1.546666667,1.525358852,1.479411765,1.573913043,1.588571429,1.525714286,1.651851852,1.490909091,1.491079812,1.547906977,1.490566038,1.517757009,1.535185185,1.514150943,,,,,,,
1.605504587,1.62464455,1.57962963,1.525821596,1.701408451,1.721359223,1.637681159,1.652427184,1.648275862,1.616831683,1.624242424,1.618446602,1.699,1.637373737,1.587064677,1.709090909,1.79009901,1.584079602,1.553299492,,,,,,,,,,,
1.5984375,1.56015625,1.495719844,1.583935743,1.551417004,1.574380165,1.578688525,1.53852459,1.49338843,1.533898305,1.521888412,1.477056277,1.591266376,1.587124464,1.450212766,1.550877193,1.623684211,,,,,,,,,,,,,
1.584158416,1.561967213,1.61559322,1.503583062,1.584300341,1.656747405,1.618374558,1.483561644,1.517605634,1.458536585,1.49929078,1.513868613,1.537454545,1.567883212,1.504255319,1.558156028,1.636231884,1.54,1.505839416,1.498924731,1.466181818,1.497122302,,,,,,,,
1.641463415,1.5992,1.659591837,1.62962963,1.598393574,1.592031873,1.629288703,1.522131148,1.581666667,1.612068966,1.602553191,1.603418803,1.652401747,1.53,1.642241379,1.519327731,1.545299145,1.614977974,1.473214286,,,,,,,,,,,
1.536065574,1.577952756,1.720491803,1.63902439,1.776763485,1.605809129,1.624691358,1.528395062,1.571428571,1.457142857,1.592307692,1.465800866,1.579912664,1.565938865,1.633480176,1.634210526,1.574025974,1.56123348,1.712389381,1.592857143,1.642727273,,,,,,,,,
1.621917808,1.468202765,1.536792453,1.634782609,1.508225108,1.672727273,1.602620087,1.483404255,1.476576577,1.510909091,1.593636364,1.443049327,1.566511628,1.732307692,1.641025641,1.633333333,1.636734694,1.650505051,1.732989691,1.568911917,1.651308901,,,,,,,,,
1.617948718,1.637931034,1.601746725,1.619491525,1.710822511,1.573333333,1.568325792,1.585321101,1.605429864,1.558715596,1.702304147,1.629090909,1.664485981,1.638888889,1.633962264,1.653588517,1.547663551,1.546919431,,,,,,,,,,,,
1.516806723,1.544769874,1.50893617,1.732467532,1.493670886,1.53559322,1.522131148,1.536440678,1.664069264,1.640677966,1.513559322,1.579831933,1.550420168,1.542372881,1.505932203,,,,,,,,,,,,,,,
1.495340502,1.541391941,1.545323741,1.557509158,1.564233577,1.612546125,1.464661654,1.52851711,1.481818182,1.511698113,1.561068702,1.523076923,1.520454545,1.518320611,1.465891473,1.53740458,1.489230769,1.494615385,1.578486056,1.536,1.449011858,,,,,,,,,
1.724615385,1.654183267,1.607874016,1.56626506,1.682539683,1.575590551,1.610569106,1.606530612,1.616194332,1.556097561,1.567213115,1.690983607,1.542510121,1.546666667,,,,,,,,,,,,,,,,
1.587543253,1.606360424,1.651929825,1.670758123,1.637588652,1.570106762,1.65037037,1.569741697,1.590510949,1.61221374,1.559541985,1.514615385,1.550929368,1.564444444,1.687022901,1.639694656,1.725954198,1.679389313,1.631782946,1.61953125,,,,,,,,,,
1.639461883,1.592105263,1.567256637,1.657522124,1.645535714,1.574660633,1.705990783,1.569444444,1.555855856,1.55046729,1.614678899,1.533023256,1.642790698,1.614953271,1.540740741,1.505069124,1.560930233,1.488151659,1.517592593,1.508056872,1.541232227,1.606796117,,,,,,,,
1.607407407,1.570731707,1.602479339,1.65210084,1.594736842,1.612987013,1.544247788,1.573214286,1.544736842,1.529824561,1.515555556,1.570403587,1.694063927,1.639111111,1.539285714,1.699543379,1.6,1.512888889,1.583636364,,,,,,,,,,,
1.64954955,1.665217391,1.695196507,1.65751073,1.669026549,1.547787611,1.536244541,1.609049774,1.527272727,1.559641256,1.652252252,1.554054054,1.612669683,1.610714286,1.681818182,1.653393665,1.655111111,1.446153846,,,,,,,,,,,,
1.830331754,1.986046512,1.75,1.939534884,1.960377358,1.829126214,1.724528302,1.747115385,1.786407767,1.678217822,1.798019802,1.756730769,1.692890995,1.787128713,1.866,1.849,1.725373134,1.625490196,1.614423077,1.687378641,1.613265306,1.74974359,,,,,,,,
1.520769231,1.459016393,1.645643154,1.566804979,1.474688797,1.64957265,1.551724138,1.522807018,1.626839827,1.599099099,1.532126697,1.675,1.577678571,1.567420814,1.618918919,1.500892857,1.474336283,1.561946903,,,,,,,,,,,,
1.678688525,1.665853659,1.621097046,1.576954733,1.615929204,1.629310345,1.588888889,1.6069869,1.667248908,1.570666667,1.664347826,1.624793388,,,,,,,,,,,,,,,,,,
1.558064516,1.580165289,1.548412698,1.5088,1.629045643,1.606530612,1.577966102,1.519183673,1.453877551,1.566949153,1.535021097,1.485123967,1.543697479,1.583606557,1.463291139,,,,,,,,,,,,,,,
1.608294931,1.569953052,1.571153846,1.632160804,1.58277512,1.679820628,1.578431373,1.578199052,1.549753695,1.654807692,1.568844221,1.658653846,1.65520362,1.645414847,,,,,,,,,,,,,,,,
1.77382199,1.821052632,1.691578947,1.782978723,1.718085106,1.676344086,1.630769231,1.616216216,1.579274611,1.702702703,1.743617021,1.640437158,1.710638298,1.619565217,1.569791667,1.668817204,1.756020942,1.631746032,1.63027027,1.52642487,1.589473684,,,,,,,,,
1.998850575,1.817777778,1.865921788,1.701111111,1.909497207,1.812290503,1.926553672,1.822346369,1.913043478,1.729353234,1.728,1.82955665,1.73960396,1.808040201,1.817258883,1.765803109,1.938461538,1.767346939,,,,,,,,,,,,
1.564516129,1.715744681,1.513445378,1.535159817,1.578995434,1.63438914,1.588744589,1.655172414,1.47016129,1.586178862,1.451639344,1.548,1.489344262,1.592592593,1.529113924,,,,,,,,,,,,,,,
1.675675676,1.54185022,1.633628319,1.738666667,1.588181818,1.547085202,1.523076923,1.645283019,1.613824885,1.613023256,1.659534884,1.690384615,1.638679245,1.564220183,1.661904762,1.565740741,1.571291866,,,,,,,,,,,,,
1.747211896,1.545185185,1.741353383,1.560902256,1.64,1.623970037,1.605263158,1.554307116,1.620610687,1.780228137,1.56124031,1.554887218,1.550185874,1.520610687,1.577254902,,,,,,,,,,,,,,,
1.65440613,1.545660377,1.602380952,1.555378486,1.596850394,1.496442688,1.612195122,1.643548387,1.615384615,1.6008,1.552,1.638211382,1.545306122,,,,,,,,,,,,,,,,,
1.631355932,1.577092511,1.580508475,1.51416309,1.649773756,1.603524229,1.637068966,1.626956522,1.6,1.607017544,1.600896861,1.600888889,1.648,1.58018018,1.49339207,,,,,,,,,,,,,,,
1.637788018,1.503738318,1.628037383,1.502857143,1.631279621,1.635348837,1.703349282,1.540186916,1.711004785,1.583333333,1.566824645,1.661818182,1.591549296,,,,,,,,,,,,,,,,,
1.562694301,1.623958333,1.596842105,1.588659794,1.544791667,1.535353535,1.545833333,1.6,1.538947368,1.497938144,1.58877551,1.552879581,,,,,,,,,,,,,,,,,,
1.524187726,1.581021898,1.561594203,1.561940299,1.563018868,1.591111111,1.621132075,1.558208955,1.564258555,1.548314607,1.533079848,1.576515152,,,,,,,,,,,,,,,,,,
1.542253521,1.658088235,1.543884892,1.568904594,1.5390681,1.535231317,1.568727273,1.523344948,1.488172043,1.489347079,1.518021201,1.45229682,1.560854093,1.475,,,,,,,,,,,,,,,,
1.552713178,1.541832669,1.5453125,1.547328244,1.654545455,1.59844358,1.615748031,1.5632,1.588047809,1.46953125,1.532,1.522047244,1.6448,,,,,,,,,,,,,,,,,
1.511297071,1.595,1.555364807,1.546058091,1.608510638,1.600854701,1.6472103,1.529957806,1.594893617,1.529957806,1.507296137,1.574248927,1.569827586,,,,,,,,,,,,,,,,,
1.55154185,1.585650224,1.5125,1.572444444,1.555752212,1.70462963,1.771171171,1.722790698,1.745116279,1.671028037,1.552830189,1.616744186,,,,,,,,,,,,,,,,,,
1.663106796,1.791089109,1.605940594,1.768780488,1.677884615,1.709615385,1.807920792,1.715238095,1.765384615,1.573459716,1.700478469,1.621359223,,,,,,,,,,,,,,,,,,
1.685106383,1.745299145,1.742222222,1.65,1.708849558,1.682251082,1.731858407,1.672489083,1.636206897,1.593886463,1.606008584,1.540869565,,,,,,,,,,,,,,,,,,
1.555905512,1.703557312,1.564393939,1.7576,1.649411765,1.62661597,1.5,1.611155378,1.535907336,1.540909091,1.48671875,1.478431373,,,,,,,,,,,,,,,,,,
