11513,11760,0,12888,11590,11536,13104,12349,12471,12418,13612,12338,10926,0,11392,12645,11617,12402,0,12850,10943,0,0,12305,9782.7,12162,11500,0,0,12870,12440,13216,12000,11455,0,0,12457,0,11213,0,9787.7,0,0,11824
11150,11281,0,12488,11407,11029,12823,11918,11981,11941,13090,12242,10559,0,11289,11695,11930,11922,0,12761,10739,0,0,11806,9395.8,11593,11379,0,0,12369,12461,12672,11745,11422,0,0,12433,0,11088,0,9672.9,0,0,11450
12671,12357,0,13503,12721,12013,13584,12238,13362,12480,13906,13216,12580,0,12453,13084,13212,13159,0,13548,12612,0,0,13584,11535,12623,12720,12353,13455,13017,12767,13233,12835,13044,0,0,13130,0,12521,0,11344,0,0,12603
13371,12035,0,13218,13087,12124,13293,11562,13303,12118,13720,12807,12218,0,12061,13103,13142,12779,0,12957,13001,0,0,13177,11534,12724,12405,11890,12903,13079,12654,12660,12779,12765,0,0,13093,0,12286,0,11704,0,0,12368
12562,12117,0,13117,12742,12139,12982,11225,13181,12379,13502,12925,12064,0,11826,12654,13070,12428,0,12288,12327,0,0,12793,11197,12359,12712,12321,12786,12839,13184,12642,12867,12356,0,0,12821,0,12217,0,11840,0,0,12605
13093,11929,0,12843,12286,11548,12953,11215,12941,12034,13463,12759,12258,0,11531,12562,13338,12968,0,12431,12520,0,12243,12931,11124,12301,12468,12280,12842,12817,12705,12710,12439,12738,0,0,13010,0,11804,0,11494,0,0,12512
12227,11741,0,12991,12784,11899,12900,10742,12678,11866,13474,13078,11859,0,11640,12637,12473,12628,0,12501,11521,0,12223,12539,11335,12638,12226,12171,12368,12571,12856,12819,12671,12718,0,0,12749,0,11619,0,11178,0,0,12470
12593,11688,0,13084,12257,11583,12933,10898,12935,12183,13261,12650,11663,0,11574,12329,12118,12250,0,12414,11962,0,12246,12290,11256,12054,12504,12144,12388,12337,12821,12850,12834,12423,0,0,12584,0,12428,0,11372,0,0,12530
11929,12468,0,12112,12657,11164,12923,10698,12341,11948,12967,12556,11497,11203,11509,12166,12289,12372,0,12247,11938,0,11688,12008,10830,11878,12199,12547,12432,11977,12516,12410,12025,12256,0,0,12188,0,11754,0,11224,0,0,12359
12333,12137,0,12270,12285,11482,12605,10778,12478,12022,12820,12505,10968,10227,11304,11902,12546,11994,0,12154,12309,0,11470,11961,10639,11596,11201,11959,11968,12045,12539,12274,12706,12539,0,0,12348,0,11853,0,11216,0,0,12256
12394,12626,0,12336,12130,10815,12128,10411,12212,11588,12758,12463,11052,10888,11088,12021,12121,12002,0,12035,11497,0,11518,12124,11047,11530,11980,11556,11676,12017,12398,12371,12421,12660,0,0,12699,0,12150,0,11490,0,0,12223
11477,11830,0,11929,11848,11054,12169,10339,12123,11605,12646,12647,11276,10337,10971,11771,12187,12415,10859,11679,11465,0,11275,11764,11158,11897,12026,11658,11496,11918,12505,12133,12369,11805,0,0,12021,0,11312,0,11385,0,0,12089
11707,11929,0,11868,12007,11163,11886,10460,11788,11242,12407,12005,10652,10710,10792,11425,12050,11629,10405,11610,10870,0,11365,11434,10522,11497,11346,11489,11561,11167,12283,11787,12191,11697,0,0,12549,0,11955,0,10988,0,0,11845
11769,11673,0,11744,11609,11069,11838,10491,11934,11287,12161,11744,10390,10231,10714,11410,11748,11617,10548,11605,10598,0,11135,11522,9974.1,11154,11220,11780,11205,11939,12410,11560,11594,11694,0,0,11768,0,11629,0,10776,0,0,11783
11350,11981,0,11521,11242,11627,12117,10164,11914,11140,12256,12003,10864,10504,11091,11542,11389,11192,10613,11282,11085,0,11270,11454,10797,11039,11318,11200,11628,11445,12551,11877,11218,11745,0,0,11815,0,11138,0,10461,0,0,11619
11518,11478,0,11864,11631,10316,11806,9911.8,11615,11010,12074,11593,10632,10673,11241,11328,11431,12188,10577,11222,10748,0,11151,11191,11039,11349,11239,11310,11229,11694,12355,11362,12078,11852,0,0,11737,0,11606,0,10537,0,0,11168
11505,11638,0,11475,12177,11217,11764,10205,11688,11550,12139,11703,10546,10234,11023,11112,11902,11539,10351,11360,11258,0,11399,11521,10344,10841,10876,11222,11016,11419,12394,11399,11429,12020,0,0,11230,0,11559,0,10379,0,0,11520
11095,11240,0,11676,11368,10504,11501,10090,11477,10797,11925,11831,10272,9570.2,10781,11049,11110,11739,10300,10983,11465,0,10950,11102,10219,11105,10948,11008,11306,11738,11981,11215,11068,11981,0,0,12050,0,11419,0,10062,0,0,11235
11284,10851,0,11553,11344,10487,11383,10083,11588,10984,11930,11650,10041,9920.2,10769,11323,11121,11813,10412,10738,10762,0,10848,11198,10788,10852,10960,11218,11053,11523,12325,11126,11284,11437,0,0,11042,0,11185,0,10315,0,0,11305
11358,11242,0,11497,10985,10595,11027,9766.4,11590,11133,12190,11642,10285,10155,10550,11120,11151,10956,10046,11071,10414,0,10647,11273,10410,11037,10677,10902,10726,11472,12078,10935,11275,11474,0,0,11063,0,11364,0,10040,0,0,10992
11118,10829,0,11415,10759,9826,11752,9694.6,11347,11099,11889,11171,10117,9965.7,10540,10652,11204,11503,10228,10815,10642,0,10497,11080,10045,10670,10449,10461,11217,11085,12179,11023,11622,11040,0,0,11700,0,11163,0,10685,0,0,10990
11418,10598,0,11447,10945,9913.8,10974,9700.6,11103,10751,12033,11119,9963.2,9973.9,10526,10968,11214,11283,9749.7,10737,10750,0,10695,10908,9910.2,10806,10462,10759,10784,10837,11492,10708,11643,10824,0,0,11231,0,10568,0,10158,0,0,11260
10807,10918,0,11133,10916,9677.3,11144,9859.6,11056,10876,11647,11208,9984.8,9895.3,10158,11400,11275,11307,9914.1,10763,10765,0,10452,10602,10179,10445,10382,10836,11014,11180,11617,11104,10539,11084,0,0,11312,0,10861,0,10571,0,0,11410
10928,10753,0,11132,10439,10293,10917,9774.6,10960,11076,11469,11337,9958.5,9753.2,9946.4,10605,11309,11232,10283,10802,10251,0,10982,10737,9824.7,10210,10317,10544,11063,11040,11154,10907,10577,10448,0,0,11304,0,11239,0,9868.1,0,0,10839
11249,10771,0,10910,10752,10564,11035,9743.1,11039,10880,11565,11093,9740.3,9884.2,10375,10921,10434,11427,10157,10507,10330,0,10263,10497,9922.5,10417,10226,10452,10904,10878,11386,10567,10788,10924,0,0,11199,0,11053,0,9515.9,0,0,10914
11057,10675,0,10982,10354,10120,11110,9547.6,10775,10661,11462,10939,9700.1,9638.9,9594.2,10238,10670,11003,9786.6,10294,11146,0,10477,10872,9711.6,9970.6,9835.5,11017,10152,10346,10911,10542,10928,10643,0,0,11108,0,10709,0,9797.1,0,0,10897
10810,10815,0,10735,10595,9898.2,10453,9337.5,10839,10916,11325,10961,9716.6,9468,9883.3,10583,10523,10879,9620.3,10461,10927,0,10333,10253,9864,10528,10264,10279,10327,10379,10975,10643,10799,11168,0,0,10916,0,10750,0,9494.7,0,0,10786
10754,10625,0,10799,10394,10028,10791,9579.6,10486,10519,11427,11123,9619.3,9580.4,9884.8,11061,10369,11183,10171,10321,10715,0,10081,10727,9255.9,10175,10375,10226,10336,10638,11092,10460,10617,10290,0,0,11036,0,10988,0,9956.8,0,0,10820
10801,10484,0,10454,10676,9574,10221,9504.8,10340,10525,11183,11187,9684.2,9582.6,9872.4,10346,10287,10749,9915.6,10263,10344,0,10103,10258,9206.5,9920,10348,10103,10595,10607,10656,10419,10586,10645,0,0,10824,0,10642,0,10248,0,0,10527
10294,10497,0,10280,10610,9754.9,10370,9757.9,10518,10504,11021,11034,9536.6,9853.8,9972.4,10427,10998,10812,10021,10121,10083,0,9959.7,10417,9275.5,9950.3,9631.7,10230,10258,10390,11073,10371,10483,9977.3,0,0,10382,0,10428,0,9831.4,0,0,10473
10540,10410,0,10231,10755,9806.6,10203,9837.3,10428,10470,11078,10669,9554,9661.9,9741,10502,11174,10957,9914.6,10457,10339,0,9863.2,10430,9410.4,9786.6,9879.6,10203,10238,10101,11292,10415,10701,10168,0,0,10652,0,10420,0,10162,0,0,10608
10361,10318,0,9812.7,10196,9882.8,10237,9796,10765,9893.7,11259,10966,9552.6,9794.4,10024,10331,10950,10755,9955.2,10805,10388,0,10231,10450,8946.6,10071,10016,10258,10229,10189,10598,10664,10569,10222,0,0,11004,0,10928,0,10344,0,0,10558
0,10368,0,10234,10170,9436.2,10453,9906.5,10541,9723.3,10817,10807,9471.3,9319.8,9910.7,10841,10312,10550,10002,10254,9739.3,0,10144,10178,9824.3,10272,9714.8,10125,10111,10028,10590,10385,10536,10567,0,0,11261,0,10681,0,9996,0,0,10516
0,10382,0,9848.1,9882.8,9428.2,10348,9316.1,10280,10180,10996,10541,9433.6,9587.3,9786.4,10492,10332,10737,10117,10120,10046,0,10216,10123,9699.5,9865.9,9879.7,9813.4,10090,10087,10339,10332,10058,10061,0,0,10986,0,10662,0,9994.4,0,0,10457
0,10207,0,9768.2,9888.5,9253.6,10021,9420.3,10170,10254,10817,10663,9633.4,9545.7,9484.8,10730,10275,10296,10214,10144,9819.3,0,9945.6,10288,9236.7,9776.7,9804.9,10245,10284,9896.5,10587,10185,10017,10658,0,0,11092,0,10237,0,10054,0,0,10446
0,9953.6,0,9935.4,10044,9319.8,10208,9336.3,10129,9685,10684,10504,9405.7,9719.2,9920.3,10102,10093,10362,9883.7,10117,9874.3,0,10368,10228,9154.3,9545.1,9967.3,9850,9972.5,9798.9,10317,10233,10158,10714,0,0,10731,0,10543,0,9444.1,0,0,10396
0,10104,0,9727.2,9942.9,9601.1,10090,9619.3,10194,10066,10791,10722,9537.8,9331.4,9660.9,10666,10305,10139,10094,10289,10429,0,10178,9986.7,9291.3,9664,9795.2,9877.1,10119,9930.1,10569,10421,10186,10327,0,0,10587,0,10165,0,9337.3,0,0,10176
0,10135,0,9770.9,9635.2,9385.9,9874.7,9451.4,10021,9846.5,10709,10380,9536.1,9205.1,9337.3,9983.7,10268,10508,9692.6,10017,9879.1,0,9630.4,9942.8,8999.1,9806,9591.9,9695.7,9839.8,10059,10199,10200,10379,10731,0,0,10548,0,10076,0,9428.2,0,0,9753.9
0,10073,0,9624.9,9344.5,9105.7,10203,9254.3,9843.7,9659.3,10512,10331,9314.4,9053.4,9307,10043,10338,10571,9871.5,10001,9890.6,0,9709.5,9983,8893.5,9506.4,9186.3,9828.8,9840,9947.8,10179,10265,10005,10147,0,0,10527,0,9861.2,0,9773.5,0,0,9675.8
0,9745.7,0,9755,9732.8,8877,9954.1,9487.8,10016,9315.8,10497,9968.9,9558.8,9015.5,9945.7,10045,9989.9,9854.1,10106,9943.4,10133,0,9759.2,10086,9100.7,9512,9317,9771.8,9828.1,9721.8,9981.8,9949.5,9448.7,10051,0,0,9939.6,0,9795.6,0,9010.3,0,0,9595.8
0,9705.5,0,9363.6,9698.9,8779.3,9753,9335,9764.5,9479.1,10346,10033,9210.4,9599.4,9182.4,9887.1,9771,10120,10037,9797.4,10003,0,9621.4,9764.2,9079.8,9465.4,9263.7,9831.3,9699.8,9965.9,9992.6,9831.4,9483.4,9991.4,0,0,10146,0,9660.1,0,9607.3,0,0,9171.8
0,9502.8,0,9486.7,9388.9,8960.3,9576.3,9573.8,9714.6,9706.1,10310,9842.6,9265.8,9419.9,9357.5,9836.6,9893.7,10282,9975.1,9805.6,9448,0,9721.6,9698.9,9099.8,9376.5,9233.8,9740.4,9638,9685.2,9799.8,9935.4,9568,9759.1,9955,0,10399,0,9768.1,0,9046.2,0,0,9523.2
0,9526.2,0,9293.1,9107.4,8691.3,9472.1,9388.5,9676.7,9168.4,10068,9768.6,8867.7,8959.4,8948.4,9749.2,9753.4,9954.9,9713.2,9544.1,9886.1,0,9515.7,9713.4,9106.5,9039.1,9210.7,9453,10275,9962,9882.8,9912.7,9568.7,9854.8,9481,0,10390,0,9583.4,0,9087.2,0,0,9247.8
0,9515.3,0,9288.2,9303.8,9132.9,9525.9,9733.9,9743.3,9465.3,10297,9772.5,8892.4,9289.8,9320.6,9802.6,9915.6,10188,9972.8,9423.7,9338,0,9495.7,9757.2,9220.5,9235.9,9222.5,9398.9,9665.3,9612,9806.5,9721.4,9998.6,9619.1,9723.9,0,10251,0,9835.3,0,9650.8,0,0,9410
0,9425.1,0,9204.1,9426.4,9007.6,9665.7,9226.1,9431.4,9198,10190,10093,9258.1,9144.7,9632.3,9715,9790.7,10383,9834.1,9724.2,9597,0,9707.5,9617.8,9057.4,9473.7,9176.3,9538,9778,9876.2,9827.9,9862.3,9633.2,10275,9714.7,0,10122,0,9995.8,0,9288.3,0,0,9563.2
0,9631,0,9288.4,9674.2,8845,9513.2,9323.1,9632.1,8932.1,10213,10052,9101.3,8857.6,9828.7,10034,9817.8,10160,10354,9831.1,9907.8,0,9596.9,9347.8,8658.4,9213.7,9314.5,9760.1,9696.8,9797.2,9990.5,9811.7,10207,9552.3,9551.9,0,10307,0,9839.7,0,9473.5,0,0,9439.9
0,9448.6,0,9131.6,9243.2,8865.3,9371.4,9451.2,9331.5,9077.1,10041,10143,9119.5,9073.7,9295.2,9617.5,9642.3,9956.1,9806.7,9517.7,9410.6,0,9628.8,9541.9,9272.3,9071.1,8971.2,9686.4,9974.3,9686.4,9503.6,9666,9586.4,9414.7,9607.5,0,9535.9,0,9763.2,0,9344.9,0,0,9210.9
0,9592.4,0,9451.5,9543.2,8930.4,9873.6,9584.8,9509.3,9162.5,9844,9679.1,8915,8626.3,9381.7,9302.5,9749.2,9920.5,10106,9721.7,9880,0,9514.8,9443.3,9025.9,9028.4,9146.6,10008,10133,9894,9770.9,9923.2,9518.7,9460,9334.5,0,9639.7,0,9601.8,0,8793.6,0,0,9287.3
0,9480,0,9296.8,9198.1,9198.5,9654.1,9374.6,9576,9521.7,10131,9860.4,8982.1,9579.2,9916.1,9438.5,9807.9,9685.9,10020,10005,9517.9,0,9345.9,9512.1,9497.1,9183.4,9646.5,9722.7,9619.2,9737.7,9994.3,9969.6,9529.4,9736.1,9677.5,0,9585.8,0,9945,0,8885.2,0,0,9404.5
0,9213.4,0,9425.3,8988.6,8888,9411.6,9672.8,9273.5,8838.3,9877.5,9775.3,8926.1,9435,8786.8,9572,9732.8,9917.3,9404.3,9544.1,9814.4,0,9238.1,9601.3,9230.9,9223,9087.6,9589.5,9423,9684.2,9810.5,9632.4,9636.6,9971.1,9251.5,0,10001,0,9514.3,0,8780.6,0,0,9084.4
0,9192.3,0,9132.9,9592.3,9030.5,9117.6,9373.3,9527.4,8977.5,9954.4,9597.1,8821.6,9493.6,9197.7,10204,9808.5,9331.8,9423.2,9372.2,9600.3,0,9383.9,9475.6,8912.4,9229.5,9291.5,9484.8,9849.3,10047,9933.5,9880.9,9326.3,9514.3,9480.8,0,9636.1,0,9748.7,0,9240.6,0,0,9136.9
0,9343.1,0,9222.1,9460.3,8739.3,8968.8,9038.3,9435.5,8768.2,9811.9,9651.8,8872.9,9543.3,9336.3,9393.7,9609.6,9772.3,9430.8,9324.6,9153.8,0,9648.7,9454.8,8433.7,9223.3,9116.9,9723.5,9431.4,9553.9,9668.6,9545.9,9388.1,10000,9163.4,0,9757.8,0,9741.2,0,9037.6,0,0,8941.3
0,9160,0,9019.2,8908.6,8735.3,9360.6,9003,9211.9,8692.1,9856.4,9690.7,8902.5,9556.7,9942.6,9594.8,9632.1,9931.1,9853.9,9076.6,9473.6,0,9425.9,9335.2,8774.9,9224.3,8712.5,9479.5,9320,9666.1,9457.1,9781.6,9339,9120.5,9115.6,0,9550.8,0,10025,0,8460.2,0,0,8892.1
0,9299.2,0,9039.7,9167.3,8665.3,9511.3,9242.5,9093.2,8882.3,9826.5,9714.5,8790.4,9744.3,8904.2,9911.3,9693.1,9875.1,10050,9425.5,9087.8,0,9240.8,9454.7,9292.1,9250.9,9148,9975.4,9469.6,9891.8,9765.4,9698,9157.6,9781.5,9973.1,0,9403.6,0,9685.1,0,9168.3,0,0,9304.8
0,8904.9,0,8992.8,9122.4,8862.2,9195.1,9047.6,9250.6,8771.5,9862.1,9524.9,8662.7,9506.6,9137.9,9449.5,9464,9080.3,10059,9258.4,9086,0,9505.1,9396.2,9099.9,8882.4,8571.3,9382.4,9886.7,9634.8,9774.3,9782.6,9117.7,9595,9385.2,0,9147.6,0,9170.1,0,9383.4,0,0,8839.3
0,9212,0,9013.1,9027.3,8846,9176.5,8920.6,9518.8,8977.2,9905.3,9628.5,8683.9,9658.5,9549,9816.5,9654.8,9582.5,9619.2,9878.5,9986.2,0,9162.4,9328.4,8490.8,9316.5,8974.4,9473.5,9194.7,9303.5,9882.6,9663.8,9577,9406.1,9487.8,0,9773.5,0,9527.5,0,8816.9,0,0,9060
0,8946.5,0,8861.9,9093.2,8855.6,9109.8,9055.1,9162.7,9238.5,10016,9636.7,8787.3,9750.5,9196.4,9653.3,9417.6,9556.3,10027,9560.7,9737.2,0,9542.9,9665,8700.6,9048.5,8821.1,9615.5,9459.4,9421.8,9642.8,9836.4,9723.3,10321,9463.9,0,9260.4,0,9704.4,0,8863.9,0,0,9043.8
0,9154.9,0,8934.2,9082.8,8532,9148.8,9160.1,9237.8,8784.8,9723.9,9455,8901.5,9613.1,9280.4,9782.5,9333.8,9702.3,9756.9,9355.8,9360.2,0,9341.4,9466.7,9192.1,9539.9,8514.8,9463.1,9311.8,9659.6,9723,9822,9306.6,9847.2,9117.8,0,9418.5,0,8996.6,0,8629.4,0,0,8908.4
0,8914.7,0,8984.9,8968.3,8733.5,8790,9317.9,8880.2,8667.6,9557.5,9254.8,8701,9542.7,8992,9378.6,9259.8,9291.2,9670.9,9273.8,9336.3,0,9173.6,9350.5,8739.4,9151.1,8899.2,8998.4,9902.8,9211.9,9818.3,9501.5,9360.7,9524,9253.1,0,9690.2,0,9090.6,0,8909.3,0,0,8902.9
0,9050.6,0,8932.4,9057.1,8484.5,8829.6,8927.8,8954,8919.4,9592.1,9478,8558.2,9515.7,8879.6,9791.2,9003.6,9611.1,9250.1,9164,9099.4,0,9184.1,9256.3,9070.2,9261.6,8973.4,9106.5,9488,9046.4,9514.1,9675.6,9232.3,9278.6,9281,0,9157.6,0,9455,0,8748.8,0,0,9020.7
0,8752.4,0,8834.5,8807.9,8522.3,8873.8,8912.9,9183.3,8787.5,9816.3,9463,8655.6,9532.3,9274.4,9306.2,9056.5,9132.1,9601.4,9159.4,9428.2,0,9033.9,9265.8,9003.4,8926.5,9234.2,9049.2,9677.2,9153.5,9692.2,9503.6,9305.6,9517.3,9486.3,0,9338.9,0,9201,0,8413.4,0,0,8727.3
0,8924.4,0,8849.3,9195.8,8323.2,9200.4,8922.5,8936.7,8440.4,9892.9,9205.8,8523.5,9438.1,8842.5,9323.1,9037.9,9352,9660,9210.1,9058.8,0,8772.2,9145.8,9354.6,8967.2,8740.2,9222.1,9306.6,9281.3,9565.1,9359.2,9433.8,10097,9340.4,0,9108.8,0,8938.9,0,8738.6,0,0,8872.2
0,8609.9,0,8665,8913.4,8293.6,8696.1,8668.6,8868.5,8456.4,9654,9144.5,8483.2,9094.2,8852,9367.5,8900.1,8987.6,9597.9,8947.8,9097,0,8788.8,9043.1,8400.6,8859.5,8675.5,9416.8,9257.9,9486.5,9497.2,9503.4,9020.8,9191.3,9407,0,9311.2,0,8882.8,0,8417.8,0,0,8691.2
0,8533.9,0,8741,8680.9,8298.1,8861.1,8618,8941.9,8507.9,9797.9,9137.4,8401.9,9242.7,8995.3,9138.3,8724.9,9208.9,9546.3,8925.9,8827.3,0,8925.9,9075.7,8706.1,8797.5,8394,8930.5,8859.3,9226,9332.1,9254.5,8992,9364.3,8925,0,8996.3,0,9074.7,0,8746.5,0,0,8509.1
0,8456.5,0,8527.8,9062.9,8296.4,8726.7,8546.7,9016.8,8497.7,9585.1,8946.4,8446.8,9113.5,8777.2,9031.8,8920,9425.2,9210.8,9083.2,9046.7,0,8766.8,9092.1,8150.8,8808.5,8555.8,9426.7,9346.2,9026.9,9519.8,9355,8956.2,9392.8,9122.1,0,9105.7,0,8826.3,0,8458.3,0,0,8557
0,8546.9,0,8540,8876.4,8083.2,8518.1,8632.1,8876,8445.6,9526.4,9256.1,8320.9,9024.1,8834.1,8941.7,8691.3,8878,9607.1,9046,9042.2,0,8592.3,8946.1,8570.6,8833.7,8506.6,8596.9,9264.6,8966.2,9224.7,9284.5,8841.5,9314.5,9230.1,0,8860.1,0,8701.9,0,8311.5,0,0,8515.2
0,8490.9,0,8757.2,8912.3,8057.3,8851.4,8838.9,8837.2,8458.2,9733,9123.6,8401.7,9389.2,8767.6,8874,8849.1,9261.9,9168.2,9268.9,9024.3,0,8719,9032.9,9138.6,8845.9,8449.3,9253.2,9032.3,9119.4,9570.9,9409.4,9426.8,9264.4,9606.3,0,8888.9,0,9085.7,0,9067.4,0,0,8880.1
0,8571.5,0,8768.9,9012.9,8368.8,8726.9,8878.1,8660.7,8489.4,9619.5,9099.9,8345.3,9164,8994.9,9036.7,8796.3,8917.1,9683.4,9040.8,8836.3,0,8781.3,8983.3,8312.1,9083,8505.5,8753.1,9391.1,9092.8,9202.1,9050.2,9477.4,9292.7,9209.8,0,9009.6,0,9088.6,0,8512.7,0,0,8448.7
0,8364,0,8565.4,8951.8,8070.5,8641.6,8539,8512.3,8525.3,9347.1,8885.3,8351.8,9082.7,8472.9,9149.6,8906.9,9109.8,9496.2,9114.5,8709,0,8519.6,8908.6,8469,8827.1,8495.2,8681.5,9034,9382.8,9117.6,9149.4,8940.3,9352.7,8848.5,0,8833.5,0,8889.3,0,8426.3,0,0,8613.8
0,8532.5,0,8445.4,9042.3,8285.9,8844.6,8611.2,8913.4,8268,9649.4,9073.1,8685.1,9107.1,8561.1,9170.5,8806.2,9446.8,9588.1,8821.1,8785.3,0,8750.2,8934.7,9001.2,8580.4,8314.2,8962,9032.4,9284.7,9183.6,9426.1,9038.9,8965,8948.6,0,9071,0,8856,0,8880.6,0,0,8524.6
0,8385.2,0,8342,8575,8182.6,8498.1,8562.3,8648.6,8364.4,9359.1,8727.4,8359.6,9168.6,8611.4,8873.4,8422,8604.8,9494.9,8942.5,8621.6,0,8370.3,8860.1,8281.9,8578.4,8574.6,8528.4,9048.8,8755.9,9138.1,9294.4,8974.5,8911.2,8541.8,0,8601.7,0,9108.9,0,8881.9,0,0,8650.8
0,8196.3,0,8600.1,8812.3,7946.5,8579.1,8685,8425.3,8504.6,9407.9,8825.3,8323.2,9300.4,8582,8820.9,8377.6,8488.4,9352.1,8819.8,8717.9,0,8443.4,8771.2,8331.9,8589.6,8585.8,8380.6,9078.3,9073.5,9040.2,9245.2,8745.5,8987.1,9434.7,0,8684.5,0,8887.5,0,8649.6,0,0,8484.2
0,8038.8,0,8455,8804.2,8109.4,8417.3,8436.3,8548.3,8321.3,9242.3,8835.4,8386.9,9233.4,8410,8918.1,8876.1,8998.7,9078.9,8708.2,8899.2,0,8671,8717.8,8655.1,8635.5,8339.3,8531,8951.3,8958.4,8809.4,9094.6,8973.5,9296.5,8935.8,0,8548.5,0,8796.2,0,8457.3,0,0,8499.1
0,8360.8,0,8597.5,8566.2,8064.4,8461.5,8533,8595.6,8193.2,9297.7,8885.3,8273.8,9032.9,8729,8890.2,8429.7,8855.1,9285.6,8652.8,8607.4,0,8415.1,8860.1,8122.9,8751.3,8302,8361.9,8901.2,8878.6,9349.4,9306.9,8969.3,9434,8523.3,0,8744.4,0,8927.4,0,8713.3,0,0,8566.9
0,8169.6,0,8374.3,8517.9,7934.4,8473.5,8423.7,8511.8,8133.2,9239.1,8719.6,8186.6,9017.5,8768.2,8791.1,8405.6,9237.4,9402.5,8817.7,8707.1,0,8272.9,8872,8205.6,8558.5,8323.5,8512.6,9062.9,9041.5,9080.1,9149.6,8737,8518.2,8557,0,8799.3,0,8771.5,0,8179.9,0,0,8497
0,8241,0,8426.8,8495.8,7915.8,8570.6,8287.4,8488.4,8140.1,9359.1,8746.9,8123.7,9084.1,8439.9,8650.6,8301.9,8746.8,8780.3,8707.5,8485.1,0,8466.2,8629.5,8509.6,8660.5,8226.7,8471.1,8978.6,8998.4,8991.8,9042,8703.7,8923.4,8632.7,0,8348.8,0,8661.4,0,8336.1,0,0,8641.5
0,8320.6,0,8436.1,8512.1,8133.2,8506.6,8559.4,8365.5,8407.8,9536.2,8668.9,8276.6,8925.5,8513.6,8863.8,8451.1,8752.7,9373.9,8805.4,8900,0,8495.6,9110.3,8450.3,8686.5,8663.3,8491.5,9067.3,8831.9,9084.9,9099.2,8744.7,8907.6,8684.4,0,8778.9,0,9170.8,0,8286.7,0,0,8558.9
0,8230.8,0,8465,8671,8141.7,8468.9,8595.8,8585.5,8243.3,9279.7,8715.1,8210.7,9209.4,8480,8636.7,8509.5,8619.8,9437.6,8692.2,8797.7,0,8352,8693.9,8760.9,8653.9,8595.8,8290.7,9004.4,8904.4,9072.4,8950.3,8818.7,9317.1,8640.6,0,8555.1,0,8688.5,0,8453.3,0,0,8337.3
0,8172.4,0,8455.7,8133.3,7938.2,8443.3,8348.5,8377.7,8180.8,9178.7,8645,8409.8,8803,8395.2,8704.8,8332.1,9030.6,9085.4,8670.1,8604,0,8276.3,8611.1,8346.8,8454.7,8198.5,8640.8,8795.7,8842.8,9216.9,9188,8561.4,8790.6,8505.3,0,8717.6,0,8853.5,0,8588.2,0,0,8484.3
0,8254.4,0,8259.6,8441.5,7797.9,8636.5,8296.5,8388.4,8373.1,9220.2,8519.3,8322.7,8921.2,8430.6,8715.3,8200.1,8627.6,9349.8,8722.1,8760.4,0,8174.4,8479.3,8051.8,8578.9,8336.9,8624,8790.7,8640.8,9049.6,8985.8,8744.7,8714.9,8402.3,0,8649.4,0,8765.3,0,8170.2,0,0,8539.5
0,8296.1,0,8369.3,8786.3,7821.3,8462.4,8338.4,8436.3,8306.5,8960.6,8571.6,8224.1,8936.8,8156.1,8675.4,8393.5,8615.4,9303.3,8729,8448.4,0,8213.5,8667.1,8567.3,8350.4,8194.9,8849.8,8732.4,8958.6,8782.6,8913.5,8668.2,9016.1,8663.1,0,8587.7,0,8612.9,0,8526.5,0,0,8752.8
0,8156.6,0,8409.2,8412.8,7786.5,8376,8124.3,8793,8233.3,9135.2,8484.4,8450.6,8501,8485.6,8549.3,8293.2,8535.7,8977,8578.9,8449.1,0,8245.4,8453.9,8296.6,8578.7,8220,8547.3,8624.4,8819.3,9023.6,8932,8566.3,8775.5,8631.4,0,8769.5,0,8657.8,0,8537.7,0,0,8502.1
0,8237.2,0,8234.5,8312.9,7662.5,8185.4,8169.6,8747.3,8318.3,9104.7,8643.7,8501.3,8926.5,8314.5,8600.7,8211.1,8683.7,9121.1,8683.6,8599.8,0,8140.5,8457.2,8349.6,8351.1,8161.5,8661.6,8879.8,8681.9,8883.9,8926,8748.7,8478.1,8439.2,0,8437.1,0,8755,0,8464.2,0,0,8489.7
0,7936,0,8479.4,8271.9,7854.7,8379.5,8208.8,9105.1,8185,9296.5,8491.9,8279.4,8718.4,8232.9,8598.9,8063.3,8793.8,9300.9,8533.5,8451.4,0,8178.2,8532.8,8333.6,8307.4,8382.1,8827.9,8661.2,8724.1,8909.5,8914.1,8762.1,8742.8,8621.3,0,8586.3,0,8832.2,0,8181.7,0,8408.8,8420
0,8118,0,8127.5,8326.6,7613.3,8392.1,8118,8452.1,8172.7,9162.7,8476.9,8038.4,8629.6,8280.9,8680.6,8224,8611.7,8754.6,8678.9,8371.6,0,7986.4,8534.6,8161.6,8222.1,8271.3,8753.6,8514.5,8834,9076.6,8886.5,8608.8,8580.1,8333.6,0,8583.5,0,8797.8,0,8135.8,0,7692.4,8459.9
0,8061.6,0,8324.9,8301.4,7642.9,8281.3,8097.4,8303.4,8262.4,9043,8490,8145.6,8487.1,8284.1,8568.9,8064,8604.2,8703.9,8451,8349.4,0,8132.6,8319.5,8158.2,8374.4,8077.2,8566.7,8497,8867.3,8810.3,8761.8,8731.6,8457.8,8463.4,0,8450.2,0,8575.1,0,8442,0,7815.9,8119.7
0,8118.2,0,8213.2,8008.6,7733.5,8273.8,8186.1,8147.4,8157.2,9015.9,8415.4,8193.1,8625,8087.4,8119.1,8120,8621.3,8625.4,8522.8,8547.7,0,8061.9,8482.3,8213.3,8264.8,8206,8528.7,8369.4,8656.8,8816,8845.5,8612.4,8423.8,8676.7,0,8223.4,0,8698.6,0,8264.8,0,7249.6,8245.7
0,7892.6,0,8187.9,8220,7377.8,8266.2,8065.3,8648.8,8134.3,8823.8,8286.3,8169.9,8311.9,8221.1,8464,7964.1,8469.6,8626.5,8578.2,8428,0,8156.9,8510.4,7989.2,8293.7,7988.1,8279.7,8683.2,8779,8826.8,8591.8,8666.3,8448.6,8569.6,0,8470.7,0,8439.6,0,7910.2,0,7571.1,8342.7
0,8008.6,0,8246.4,8160.4,7824.3,8266.1,8225.3,8550.8,7903.8,8849.9,8390,8220.8,8580,8307,8353.3,8301,8494.8,8621.1,8340,8438.7,0,8159,8537.9,8038.1,8366.4,8251.8,8293.9,8317.8,8583.5,8663.3,8379.4,8607.9,8608.4,8492.7,0,8484.7,0,8685.6,0,8169.5,0,7720.8,8308.5
0,8153.4,0,8180.7,7987.9,7696.8,8298.5,8107.4,8836.2,8061.3,8901.2,8418.4,7958.3,8408.6,8253.6,8620,8045,8372.5,8974.1,8402.4,8153.3,0,7901.7,8404.1,7947.7,8184.2,7996.9,8514.6,8443.4,8530.6,8879.6,8823.2,8441.8,8615.8,8622.4,7647.7,8346,0,8483.7,0,7853.6,0,8053.4,8348.2
0,8039.5,0,8306.2,8330.6,7539.1,8200.5,8467.7,8148.4,7977,8904.7,8464.5,8215.8,8355.3,8341.5,8287.6,8210.8,8289.3,8888.5,8462.2,8368.5,0,8014.8,8365.8,8246.2,8149.6,8171.5,8436.8,8312.8,8574.3,8438.7,8720.4,8625.5,8653.8,8243,8206.9,8494.2,0,8407.9,0,8144.6,0,7783.5,8100.2
0,7830,0,8242.1,8109.7,7589.1,8213.1,8120.4,8279.1,8000.5,9058.9,8200.4,8238.7,8441.1,8247.6,8392.6,8140.9,8359.9,8918.6,8506.4,8425.3,0,7829.1,8557.2,7628.4,8367,7822.8,8478.4,8258.5,8782.2,8876.4,8745.3,8440.7,8526.6,8313.8,7879,8148.5,0,8638.3,0,8152.6,0,7603.4,8176.1
0,8061.7,0,8140.4,8351.1,7690.6,8412.1,7931.4,8695.5,8059.4,8845,8386.5,8267.5,8458,8268.8,8510,7965.4,8521.6,8476,8437.7,8407.8,0,8104.8,8382.4,7901.4,8253.7,7975.3,8494,8451.8,8908.2,8720.6,8693.5,8428.6,8477.6,8302.7,8080.4,8217.6,0,8435.9,0,8025.6,0,7482.7,8311.9
0,8104.3,0,8223.9,8473.1,7665.4,8404.1,8108.2,8795.8,8123.5,8931.8,8411.8,7920.4,8704.1,8322.8,8414,7998,8614.1,9086.5,8605.4,8520,0,8194.6,8347.4,8039.3,8335.2,8044.3,8508.6,8454.6,8874.6,8650.9,8765.8,8506,8475.2,8304.5,8276.6,8359,0,8469,0,8326.5,0,7597.1,8767.6
0,8057.3,0,8351.4,8472.4,7607.9,8193.3,8162.3,9155.5,8066.6,8893.7,8288.5,8034.9,8714.4,8532.9,8184.4,7974,8710.6,8514.9,8469.3,8520,0,8057.1,8441.6,8021,8305.3,8254.4,8551.8,8327.8,8614.5,8591.1,8781.8,8426.4,8564.8,8607.6,8154.2,8145.2,0,8444.5,0,8246.4,0,7440.9,8302.6
0,8179,0,8177.4,8269.8,7636.6,8334.9,8193.6,8929.2,8106.2,8990.7,8363,8050.5,8904.5,8374.2,8490.3,8121.3,8567.1,8759.9,8579.6,8712.3,0,8031,8403.6,8482.7,8279.2,8222.1,8597.4,8395.4,8742.5,8807.3,8754.8,8562.7,8551.1,8419.5,8091.1,8326,0,8499.9,0,7950.1,0,7472.1,8748.6
0,7975.1,0,8117.9,7967.9,7741.4,8036,8074.4,8710.2,8016.1,8865.8,8365.8,8218,8567.2,8496.7,8360.8,7935,8435.5,8663.6,8490.5,8339.9,0,7956.4,8555.1,7827.7,8728.4,8118.7,8518.4,8258,8501.6,8606.3,8665.4,8643.4,8608.3,8826.6,7940.7,8554.2,0,8511.4,0,8189.6,0,7765.2,8038.3
0,7931.1,0,8243.8,8117.4,7641,8060,7924.7,8216.9,7928,8875,8333.8,8114.5,8617.8,8400.4,8310.9,7944.2,8484.8,8629.1,8474.9,8376.2,0,8155.8,8259.9,8011.5,8112,7974.2,8551.3,8145.4,8626.3,8652.1,8670.7,8539.3,8334.7,8230.4,8337.9,8401.7,0,8351,0,8426.4,0,7495.6,8454.8
0,7951.4,0,8309.3,8036.4,7631.5,8213.3,8100.1,8619,7790.3,8941.2,8145.2,8078.8,8433.5,8245.1,8519.2,8124.1,8326.9,8661.8,8464,8156.7,0,7905.2,8436.2,7896.7,8219.8,8079.6,8452.6,8245.6,8560.1,8332.9,8789.8,8485.1,8481.6,8231.9,7831.3,8393,0,8434,0,7855.8,0,7411.4,8209.8
0,7804.7,0,8050.8,8476.1,7838.1,8157.5,7957.1,8661.6,7961.4,8795.5,8232.8,8052.6,8276.2,8093.1,8156.6,7981.2,8168.1,8532.6,8334.1,8149.4,0,7939.6,8336.6,7786.9,8237.7,8133.6,8410.2,8393.8,8502.2,8385.3,8527.3,8354.9,8323.8,8510.1,8059.1,8468.3,0,8354.1,0,8297.5,0,7342.7,8373.3
0,7865,0,8044,8138.9,7530.9,8058.7,7812.6,8316.6,7866.3,8746.8,8168.8,7914.9,8320.3,8186.3,8079.9,7924,8528.9,8600.8,8271.3,8346.8,0,7966.4,8502.4,7745,8131.9,7871.6,8067.6,8132.3,8540.9,8397.1,8418.7,8254.6,8145.8,8225,7775.8,8173.9,0,8338.5,0,7776.7,0,7363.7,8508
0,7642.5,0,8011.4,8247.8,7479.1,8013.3,7986.4,8473.5,7678,8788.8,8269.4,8102.3,8263.6,8204.3,8127.9,7809,8417.4,8422.8,8298.9,8212,0,7981.4,8513.5,7944.6,8132.7,7923.2,8192,8232.7,8306.3,8324.8,8433.1,8377.9,8398.7,8246.4,7693.2,8435.3,0,8018.5,0,7936.7,0,7236.3,8267.4
0,7805.2,0,7956.1,8397.1,7396.5,8191.9,7909.3,7843.6,7702.7,8786,8173.1,8033,8440.8,7994.1,8117.1,7731.4,8300.9,8304.5,8280.8,8272.4,0,7819.8,8281.1,7553.4,8092.5,7891.7,8539.4,8236.6,8311.7,8444.4,8573.3,8239.2,8307.5,8354.9,7849.6,8612.6,0,8242,0,7761.9,0,7249.3,8023.4
0,7847.7,0,7791.7,7914.9,7463.9,8142.2,7873.8,8242.8,7777.2,8754.1,8144.7,8275.9,8430.6,8229.7,8217.4,7890.9,8153.1,8279.3,8382.8,8148.2,0,7939.8,8234.1,7886.7,7859.2,7922.2,8555.6,8130.2,8414.1,8564.5,8521,8323.8,8214.3,8276,7710.1,8164.3,0,8154.8,0,7865.9,0,7396.9,8260.2
0,7703.2,0,8033.1,8241.3,7408.9,7897,7748.8,8185.5,7730,8705.5,8122.2,7912.4,8202.3,8137.3,8239.8,7763.2,8248.9,8337.9,8363,8052.2,0,7844.4,8251.3,7894.9,8050.3,7820.3,8307,7951,8324.5,8229.8,8318.9,8241.4,8307.3,8197.7,7505.2,8169.3,0,8152.4,0,7843.3,0,7378,8176.9
0,7709.3,0,7864.1,7732.3,7310,7988.4,7691.1,8595.2,7786.7,8511.5,7950.2,7931.2,7938.3,7982.2,7955.9,7746,8510.7,8210.1,8238.9,8086.5,0,7851.7,8042.5,7672.6,8071.9,8055.2,7927.5,7960.7,8306.5,8185.7,8414.6,8150.8,8247.4,8103.9,7540.9,7794.3,0,8225.5,0,8048.1,0,7251.2,7980
0,7970.6,0,7885.3,7743.5,7245.6,8062.1,7813.1,7893.7,7749.1,8665.6,7992.1,7843.9,8220.3,8174.9,8421.7,7694.4,8269.6,8288.3,8359.7,8181,0,7746.9,8198.7,7719.7,8384.3,7688.9,8305.5,7965.3,8310.5,8502.8,8372.1,8370.2,8066.9,8435.9,7752.6,8007.4,0,8380.7,0,7965.6,0,7293.8,7915.6
0,7815.1,0,7839.8,8158,7412.3,8026,7969,7818.8,7808.9,8738.1,8207,7887.4,8127.1,8144.4,8237.7,7746.6,8297.4,8152.2,8206,8046.9,0,7911.3,8256.3,7808.5,8039.7,7882.2,8207.5,7993.1,8612.6,8289.9,8412.8,8364.5,8255.4,8262.8,7697.8,8070.3,0,8282.3,0,7459,0,7381.4,7866.6
0,7673.2,0,7884.9,7810.9,7446.3,8000.1,7979,8277.3,7735,8604.3,7965.9,8047.9,8036.5,7960.5,8219.9,7832.9,8149.7,8068,8255,7864.4,0,7694.1,8300.7,7665,8028.4,7696.4,7867.2,8106.8,8301.1,8327.1,8396,8124.1,8480.9,8136,7891.9,8024.7,0,8183.3,0,7464.1,0,7042.4,7979
0,7674.1,0,7779.7,7827.9,7365.3,7892.8,8120.9,8123.1,7705.2,8662.1,8140.6,8105.9,8060,8042.4,8168.5,7974.3,8345.6,8061.4,8205.9,8162,0,7668.1,8354.1,7787.8,8005.5,7971.3,8289.9,8076.3,8415.8,8438.3,8359.3,8055,7828.9,8157.4,7823.4,8165.4,0,7971.5,0,7652.6,0,7493.2,7878.2
0,7591.7,0,7724.6,7977.5,7362.9,7954.9,7675.1,7869.7,7832,8474.7,7993.7,8077.3,8077.3,8044.9,8105.4,7870,8297.6,8230.2,8173.8,7783.7,0,7731.4,8345.1,7573.6,8326.1,7734.4,8113.9,8169.9,8515.9,8311.2,8525.5,8127,7998,8228,7663.5,8251.1,0,8245.5,0,7681,0,7567.7,7923.9
0,7891,0,7942.3,8034.4,7531.3,8064.9,7799.1,7889.7,7725.1,8558.9,7963.9,7925.4,8072.8,8086.9,7947.4,7821,8324.2,8176.8,8024.7,7856.7,0,7573,8243.8,7774.9,7976.1,7798.4,8213.4,7907.6,8422.3,8320.4,8387.5,8308.3,8252.4,8119.9,7656.5,8055.2,0,8180.6,0,7820.4,0,7353.7,8040
0,7787.9,0,7817.7,7856.8,7568.2,8093.8,7749.5,8707.3,7695.6,8497.1,8001.2,7711.1,8090,7957,8028.7,7858.4,8244.6,8029.9,8259.7,8053.2,0,7644.1,8128.6,7457.9,8190.2,7504.7,8359.6,8321.9,8224.3,8220.8,8291.6,8068,8152,8186.8,7864,8040.5,0,8139.2,0,7628,8077.1,7412.7,7837.9
0,7548.7,0,7706,7911.6,7120,7838.3,7665.9,7759.9,7498.4,8525.1,8062.5,7764.8,8286,8114.4,8071.1,7886.3,8095.3,8210.9,8208.4,7926.2,0,7712.6,8130.1,7348.7,8249.6,7545.5,7975.9,8074.9,8121.3,8303.1,8343.6,7864.2,8024.4,7936.3,7508.1,7869.8,0,7933.8,0,7695.4,7414.7,7063.6,7965.9
0,7574.2,0,7642.8,7712.9,7253.3,7958.1,7711.7,8183,7686,8486.4,8133.6,7813.1,8226.7,7938.8,7985.2,7787.4,8218.9,7988.2,8299.2,8111.5,0,7629.7,8048.5,7805.9,8136.2,7808.9,8172.5,7910.4,8283.3,8210.8,8232.1,7979,8146.4,8054.8,7509.8,7843.4,0,8309.1,0,7626.2,7739.9,7284.6,7628.6
0,7564.2,0,7742.1,8129.5,7578.4,7918.8,7625.6,8056.4,7763.3,8642.7,7844.2,7811.1,7915.4,8047.7,7962.2,7730,8107.3,8178.7,8153.7,7887.9,0,7884.8,8164.6,7609.3,8409.2,7998.5,8123.9,8070,7989.8,8098.9,8329.2,8238.5,8011,8107.2,7337.6,8018.1,0,8037.7,0,7390.7,7636.8,7313.3,7778.2
0,7550,0,7594.2,7710.8,7369.8,7916.1,7578.4,8179.6,7576.7,8572.2,8073.5,7864.9,8165.1,7822.6,8061.1,7604.5,7909.6,7882.4,8334.6,7746.4,0,7638.1,8213.1,7597.7,8126.3,7765.4,8284.9,7784,8285.3,8122.3,8226.2,7854.3,8034.2,8086.4,7403.2,7820.7,0,8099.9,0,7521.3,7490.8,7148.6,7715.6
0,7855.4,0,7767.5,7815.8,7552.4,7692,7774.1,8201.2,7619.6,8374.6,7859.5,7797,8134.7,7809.9,8038.3,7621.9,8227.4,7865.1,8126.3,7932.6,0,7518.2,8015.5,7806.3,8057.3,7783,8084.5,7994.5,7850.3,8165.9,8087.7,7855.8,7670.6,7998.4,7395.9,7802.9,0,7958.7,8178.2,7341.3,7432.9,7184.1,7626.4
0,7626.5,0,7535.6,7817,7114.4,7730.8,7557.5,8074.2,7485.1,8378.1,7820.1,7698.7,7919.3,7879.1,8006.3,7719,8195.4,8008.3,8155.8,7837.3,0,7625.8,8073,7414.3,8269,7384.1,7977.6,7950.8,8079.4,8218,8167.4,7932,7885.1,7915.4,7261.9,7879.6,0,8030,7418.6,7533.7,7259.3,7182.6,7931.8
0,7574.2,0,7764.7,7695.2,7475.1,7634.5,7702.9,7716.1,7432.6,8258.8,7986.5,7693.3,8276.4,7879.4,7897.5,7593.6,8084.8,7937.9,7951.3,7680.8,0,7350.8,8156.6,7292.5,7812.9,7411,7963,7930.6,8047.6,8077.5,8207.7,7966,8050.6,7840.6,7493.4,8014.2,0,7808.3,7673.4,7438.1,7300.9,7143.9,7643
0,7443.1,0,7443.8,7713.1,7291,7646.8,7454.2,7572.2,7358.3,8211.8,7715.8,7647.6,7998.3,7711.1,7792.7,7535.6,7802.9,7839.5,7943.8,7882,0,7500.1,7963.7,7628.3,7842.9,7399.6,7939,7790.2,8120.5,8091.9,7997.1,7866.7,7784.9,7773.3,7264.1,7844,0,7789.4,7822.7,7337.5,7165,7047.9,7631.3
0,7709.8,0,7689.3,8133.9,7279.6,7808.6,7640.7,8025,7543.8,8282.3,7834.7,7755.1,7879.9,7869.1,8003.5,7634.5,8022.3,7871.9,8014.9,7746.7,8134.5,7486,8077.7,7579.6,7797.8,7346.4,7984,7816.2,8121.9,8027.9,8194.1,7771,8011.9,7883.4,7378.6,8289.9,7679,7710.3,7629.6,7653.3,7420.9,7368.3,7778.7
0,5687.9,0,5665.3,5757.4,5435.9,5750.8,5541.6,6213,5453.8,6140.6,5935.4,5784.7,5795.5,5872.1,5940.7,5508.7,6058.4,6070.2,6127.2,5867.6,5766,5455.4,5971.3,5852.9,6098.5,5526.1,5998.4,5949.8,6296.9,5959.7,6168.6,5941,6083.2,5869.6,5354.2,5896.5,5614.9,5772.4,5650,5527.3,5335.9,5137.4,5865.7
0,5430.2,0,5721.9,5684,5110.8,5466.7,5485,5803.7,5523.9,5911.1,5773.2,5696,5841.9,5710.2,5972.9,5621.2,5829,5661.8,5971.3,5636.8,5576.1,5583.1,5944.1,5514.5,5648.6,5618.9,5724.5,5756.6,6068.8,6106.4,6001.5,5865.1,5867.1,5986.3,5369.9,5813.7,5537.1,5693,5580.1,5262.9,5157.3,4972.7,5655.5
0,5512.8,0,5568.5,5471.6,5115.2,5472.7,5353,5560.4,5483.8,5830.9,5738.4,5680.7,5606.1,5806.3,5735.4,5477.4,5631.3,5642.2,6026.3,5737.6,5573.8,5391,6018.4,5405.9,5781.4,5454.5,5829.2,5728.3,6078.6,5960.3,5958.8,5867.9,5566.3,5679.8,5242.4,5647.3,5438.5,5702.3,5319.1,5299.2,5244.1,4899.2,5576.7
0,5435.6,0,5532.4,5601.4,5225,5531.9,5514.1,5449.9,5325.7,5746.1,5744.2,5610.9,5660.5,5713.9,5692,5741.5,5636.9,5731.3,5934.8,5718.8,5614.1,5278.2,5917.7,5459.3,5631.5,5312.8,5711,5657.2,6020.5,5906.1,5943.6,5703.6,5499.3,5640.7,5282.8,5634.3,5524.2,5693,5537.9,5463.5,5129.7,4899.6,5487.1
0,5495.8,0,5463.3,5399.8,5137.6,5457.7,5439.5,5471.9,5375.2,5761.9,5641.7,5622,5547.8,5770.1,5644.8,5411.4,5529.8,5675.6,5944.4,5748.4,5548.6,5354.6,5921.7,5389.7,5568.1,5476.5,5841.3,5700.9,6026.8,5896.5,5824.7,5787.5,5536.4,5667.4,5226.3,5518.6,5587,5566,5311,5205.4,5190.7,4744.9,5346.7
0,5387.1,0,5514.5,5356.5,5059.1,5483.2,5464.6,5472.6,5385.7,5868.5,5528.3,5562.9,5496.4,5642.5,5661.6,5543.5,5562.8,5560.3,5867.6,5671.8,5544.3,5279.9,5968.3,5440.7,5516.3,5402.7,5709.4,5639.5,5997.4,5720,5985.9,5843.7,5464.2,5497.3,5256.4,5643.5,5341.3,5547.4,5410.5,5234.6,5171.2,4993.9,5474.5
0,5390.7,5521.9,5560.3,5561.9,5085.9,5423.6,5409,5414,5391.9,5689.9,5597.4,5471.5,5549.6,5594.4,5578.6,5319.8,5459.1,5518.1,5876.2,5736.2,5622.7,5294.1,5901.2,5378.7,5544.3,5377.7,5737.9,5556.4,6001.6,5718.2,5917.4,5740.3,5418,5492.8,5277.8,5543.5,5369,5488.1,5286.5,5174.7,5129.5,4874.4,5457.6
0,5310.3,5135,5471.8,5343.6,5113,5444,5414.2,5468.6,5292.6,5765.1,5505.4,5503.1,5526.5,5571,5595.9,5268,5465.9,5662.1,5810.3,5522.3,5379.6,5437.6,5980.2,5370.6,5672.1,5264,5829.6,5591.3,6043.4,5970.8,5773.5,5860.3,5528.6,5632,5263,5506.1,5430.4,5512.8,5348.7,5302.9,5179.3,4776.8,5519.5
